Time,Content
2018-10-14,"笑看股市之~唱空者：""东方三圣老""先生~您17年起动前，就号称~京东方散户多~套"

2018-10-14,一丘之貉。
2018-10-15,盘中~快乐。
2018-10-15,又用马甲~求观点~求分析~累不。
2018-10-15,
2019-01-02,京东方A~反向指标的帖子~又被顶出来啦好事呀！！！
2019-01-03,提倡~理性投资反对~非理性盲目分析预测与以
2019-01-03,提倡~理性投资反对~非理性盲目分析预测与以
2019-01-03,睌间~快乐！！！
2019-01-03,
2019-01-03,
2019-01-03,
2019-01-03,
2019-01-03,京东方A股吧短期利好风向标：历史证明~京东方A股吧
2019-01-03,笑斗~群丑无需~当真呦！！！
2019-01-03,历史~可证，时间~可检验，市场~可验证一切谎言~都会不攻自破！！！
2019-01-03,历史~可证明，时间~可检验，市场~可验证一切谎言~都会不攻自破！！！

2018-10-14,"笑看~股市：""东方三圣老大""先生~告诉您能套住老子的人~还没出生[俏皮][俏皮]"

2018-10-14,一丘之貉。
2018-10-15,谁敢赌今天收红？
2018-10-15,股市~不是赌场~是戏场，股市~不戏场~是战场短期~红与绿~都是正常的股市~是资本游戏，用资金说话~用嘴是在扯蛋。
2018-10-15,笑~天下可笑之事，笑~天下可笑之人。
2018-10-15,股没收红~脸先收红了吧。
2018-10-15,
2019-01-02,晚间~快乐！！！
2019-01-03,提倡~理性投资反对~非理性盲目分析预测与以
2019-01-03,提倡~理性投资反对~非理性盲目分析预测与以
2019-01-03,提倡~理性投资反对~非理性盲目分析预测与以
2019-01-03,
2019-01-03,京东方A股吧短期利好风向标：历史证明~京东方A股吧
2019-01-03,笑斗~群丑无需~当真呦！！！
2019-01-03,历史~可证明，时间~可检验，市场~可验证一切谎言~都会不攻自破！！！

2018-12-25,我这个月在四十周年大会前满仓买入京东方，成本2.735元，在18号开会当天毫不犹

2018-12-25,执行力
2018-12-25,2.5不接一点吗
2018-12-25,你就是传说中的股神，这么厉害，堪比带头大哥。
2018-12-25,不涨买它干嘛？
2018-12-25,多谢夸奖实不敢当。
2018-12-25,不然。偶从不满仓干一只，2.7入1成，2.53再入2成，2.58T出1成现留2成。8成灵活资金怎么会亏？入市至今买股盈利率100%，虽时间漫长整体盈利不多但也算没亏过，一只股价8元跌倒3元照样不亏，做T的威力。
2018-12-25,只要上市公司不倒闭不退市，任何股票都可赚，时间与仓位问题。
2018-12-25,三等小巫婆而已，谁会傻里巴机的什么40周年去满仓？幼稚到滑稽，人家全往外跑，他唐吉可德冲进去满仓。
2018-12-25,什么不敢当，傻子第一名没有二人，谦虚是你的德行吗？
2018-12-25,没买前就提醒你了，你脑袋膨胀说绝对不会错，要大涨。
2018-12-25,想问楼主几年股龄
2018-12-25,楼主绝对高手，股市精英！
2018-12-25,高，实在是高。
2018-12-25,亏钱高手！股市里赚的钱就是楼主送的。
2018-12-25,想一夜暴富你是选错了股票，京东方适合中长线投资。
2018-12-25,呵呵，你怎么知道我在买京东方之前是亏是赚呢？我亏钱告诉你，我赚钱就没必要说了吧？快元旦了，何必刺激你？祝新年发大财！
2018-12-25,你未免太天真。我就亏一个多点，无关大局，但我从中得到的信息，随时可以赚回来，甚至赚更多，但我不想说，太麻烦。
2018-12-25,退出果断，好。但我就不明白了，你怎么就幼稚到信了什么40年要大涨呢，2.77冲进去，接着又满仓。本来空仓蛮坚定多时了，忽然中了邪瞬间坚决要满仓，这么轻易就玩了个全反转。
2018-12-25,思维性格很喜剧
2018-12-25,赞，我认为你是高手
2018-12-25,多谢夸奖实不敢当。估计这一年大家操作都不容易，说点失败的事，互相穷开心一下，来年一起发大财！
2018-12-25,空仓
2018-12-25,跌的方向沒改变
2018-12-25,我也是空仓。短线有机会，还是可以参与，但我是不做了，安心过节。
2018-12-26,2.52历史底部 科技显示类第一股 无论长期短期必有回报！
2018-12-26,哈哈，有点吓人。
2018-12-26,有点不习惯了，还剩2天，冲 .90。
2018-12-26,真要是底部，走出来再买入不迟。
2018-12-26,所以你是一个不成熟的股民，2.7不要卖，在2.5的时候加仓别满仓，预留好2.2的仓位，破净就满仓干！
2018-12-26,亏一个点？十次就是十个点了，你在买进的时候脑子在想啥啊？你割肉了今天就涨了。

2018-12-26,怕你出来了再想买要加钱买啦！
2018-12-26,我从来没有连续亏损的操作记录，二次也没有。
2018-12-26,呵呵，你这就是搞笑了，死守一只股，亏你想得出来，别忘了这是熊市。
2018-12-27,"12.27过去两天卖股票的,请你尽快离开股票市场,水平太低!过去两天卖股票的,请你尽快离开股票市场,水平太低!除非你卖的是连续涨好多的股票说的就是楼主这个SB"
2018-12-27,又跳空
2018-12-27,高吸低抛，有钱任性，只买贵的
2018-12-27,2018年1月买了京东方，捂了一年了，别问我成本是多少
2018-12-27,我2.88满仓进的 不涨不卖 反正不差这点钱 当存定期
2018-12-27,不要乱加评论撸主，是个人风格不同。撸主是说明了是满仓博40周年，这个“一击不中”及时退出对于当前环境无疑是对的，是大A市场生存之计！本身这种票短线没啥意义，京东方去年一年涨幅翻倍之多，现在市值蒸发一半之多，再起大行情要按年计算，目前为止也就是个相对稳一点，大跌暴跌几率小了，到觉得那些四五块钱拿到现在的，不去反思一下吗？
2018-12-27,问什么成本，就服你~！你的风格超凡脱俗！哈哈
2018-12-27,这点损失不算什么，其实不过赔点利润而已，元旦后轻松就赚回来了。
2018-12-27,拉升 循序渐进 科技股显示类龙头 翻翻可期！
2018-12-27,元旦后估计会上2.9了 到时又怕你追高了！
2018-12-27,那就祝你发财！我买其它股也不会比买京东方少赚。
2018-12-27,看来楼主是在逗我们玩的，真实情况并不一定是这样的，好好玩吧，恭喜发财
2018-12-28,我光明正大，这点小事没必要开玩笑。大家发财！
2018-12-28,算很光明正大了。
2018-12-28,京东方不用怕！国际资本滚滚来。如12月27日周四，潍柴动力深港通外资净入达31.17%；同时伴随回购。美股的头部特征明显，国际资本流入价值洼地，国内A股中的市盈率低、分红率高的公司受青睐。
2018-12-28,及时止损，一个好办法。
2018-12-28,我轻易是不满仓的，满仓一定是像平安银行、中国银行、工商银行之类大盘股。京东方我敢满仓，只是想真实看下大资金的态度。如果股价不按我的预期走，那就说明年底大资金不肯动了，后面的操作思路其实就出来了。
2018-12-28,楼主，带带我行吗，什么时候能买？
2018-12-29,我怕没那个本事呢。你自己留心就是了，我看好的股票总是会在个人留言里记录下来的。
2019-01-02,最后一蹲，浮动筹码搞的差不多了
2019-01-02,正确的操作方法。我猜京东方回到2.2并也不是梦。先回避相当正确。
2019-01-02,上个月满仓京东方损失一个多点，元旦前半仓买入新疆交建今天平仓，顺利挽回京东方操作的损失还有赚，等于新年领了个红包。
2019-01-02,京东方跌破2.3元反而不能买了。
2019-01-03,这票真不适合炒，波动幅度不大，盘子重，不好做t，下跌了也不好回本，只会越套越深，公司业绩也不行
2019-01-03,还嘚瑟吗

2019-01-03,"""韭菜根克星~先生""：你们每天用N个马甲~上下忽悠[俏皮][俏皮][俏皮]你们每"

2019-01-03,历史~可证明，时间~可检验，市场~可验证一切谎言~都会不攻自破！！！

2019-01-03,去年的今天还有6.6

2019-01-03,所以说股价涨多了风险就大了。2016年1月29日股价2.20元时怎么没有多少人想到买？现在风险又充分释放了。

2019-01-03,京东方A01月03日资金揭秘

2019-01-03,京东方~扶不起的阿斗，只能把你慢慢调出自己的配置[加仓][减仓][献花][献花]

2019-01-03,明天或下个星期一，2.46的可能性有百分之八十

2019-01-03,已准备好子弹。

2019-01-03,今天少赚了1分钱，哎

2019-01-03,2.59买的，2.60跑了，等低点吧，这个位置今天就破了
2019-01-03,下午应该还有低点，最近没啥行情
2019-01-03,有的赚就不错啦 我4.5的本 血亏呢
2019-01-03,1分钱够手续费么
2019-01-03,够了买2w股，去手续费，赚135

2019-01-03,京东方织布公司、

2019-01-03,明天暴跌。立帖為證。

2019-01-03,跑赢大盘[无语][无语][哭][哭]

2019-01-03,为什么你们总能扯到京东方离去而不去看看大盘？？

2019-01-02,不要脸

2019-01-02,已经习惯啦 本来想踢 不敢啦
2019-01-03,不要B脸

2019-01-03,法克你楼某

2018-12-29,“广电 5G”: 地板价的“三破股”

2018-12-30,从湖北广电网络公司的《新年祝辞》中分析得知: 至2018年底，十大股东共持股4.032亿股，智能终端客户162万户，新增宽用户105万户（其中上半年新增42万户），在册达258万户。集客新签约收入突破5亿元（其中上半年1.15亿元）。全年总投资20多亿元。至于总营收丶归属母公司净润及每股净收益，本《新年祝辞》不便透露，请自己计算
2019-01-02,春江水暖鸭先知，有机构建仓加仓。这么好的二线蓝筹，曾被评为深市优秀上市公司，惨跌如此。该股盘子不大，业绩优良，题材多多，一旦上冲，速度不会慢。
2019-01-02,吹响集结号！到今天收盘三大指数都60，90，120，日线，两日线依次形成钝化，明天有望相继形成底背离结构。严重看涨，春季行情随着年初资金回返即将展开。调入资金备战吧！
2019-01-02,"000665可转债转股的相关条款（一）发行规模：人民币1,733,592,000元；（二）票面金额：人民币100元/张，共计17,335,920张；（三）票面利率：第一年0.5%、第二年0.8%、第三年1.0%、第四年1.5%、第五年1.8%、第六年2.0%；（四）债券期限：本次发行的可转债的期限为自2018年6月28日至2024年6月28日；（五）转股起止日期：自发行结束之日（即2018年7月4日，公司当日在巨潮资讯网披露了《公开发行可转换公司债券发行结果公告》，公告编号：2018-044）起满六个月后的第一个交易日起至可转债到期日止，即自2019年1月4日至2024年6月28日；（六）转股价格：人民币10.16元/股。"

2019-01-02,"""韭菜根""2019开盘首日的祝福:布局熊市~是起点[俏皮][俏皮][俏皮]决战熊"

2019-01-02,看样子大盘必破2400了！
2019-01-02,有想法啊！！！
2019-01-02,股市投资~是艺术~不是科学:无论牛熊
2019-01-02,股市投资~是艺术~不是科学:无论牛熊

2019-01-03,没主动性的买盘？

2019-01-03,2450——2460这区区10点2460下方，买了埋伏了6成，还握有4成资金！

2019-01-03,我赌mate20销量

2019-01-03,高端制造的悲哀，刘叫授的悲哀，凤凰落水不如妓

2019-01-03,[微笑]对这股千万不要抱幻想，涨2分就卖，唱多的都是托。

2019-01-03,不管癌股什么样，不买就对了

2018-10-08,向垃圾宣战！公用环保投资加码超想象！东江环保伟明环保固废及垃圾回收处理利用迎万亿投资机遇！城市乡村垃圾处理攻坚战急需再造数千座垃圾发电及处理填埋厂！东江环保将一

2018-10-08,。。。。。
2018-10-12,汇鸿集团退出东江环保迟早的事！国资委应协调一下！大湾区生态战略框架打造环保生态链是大事！
2018-10-15,？？
2018-11-13,要快要狠要满仓 旷世之妖东江环保今天起五个涨停板！猪年春节前除了持有环保股能赚大钱其它想法都是幼稚的！房与车销售嗄然而止谁还有余钱成交量上不去获利者廖廖无几竹篮打水行业经营难维继金融股必烂账背锅消费水平降低几家能盈利？新动力拉内需必出惊天龙头板块！没错，就是环保生态建设！启动两个时间段叠加应…A：10月中旬左右环保再大检查表明环保永远不会放松且刻不容缓B：11月初至月底各地加急环保工程立项，主推垃圾固废回收及垃圾发电C：12月各地宣布环保生态环境规划建设，关注经济强省粤苏不浙鲁及之津冀区域D：元旦左右大湾区规划大生态战略生态环境列为首要任务！关注什么牛股？关注什么龙头？关注什么概念？东江环保东江环保东江环保国有化龙头大湾区龙头固废危废龙头已涉足垃圾发电大二股东为国资
2018-11-15,？？？？
2018-11-29,下午见证什么才是金山银山 东江环保惊天一跃惹眼未来投资永恒主题！大湾区生态龙头提前启动了大牛股不要庄更涨得欢！东江环保开启散户价值投资集结号！成熟投资者不跟风永记一句话：你对不要庄更涨得欢！东江环保开启散户价值投资集结号！成熟投资者不跟风永记一句话：你对未来持有信心则你的选择更正确则你持股更坚定则该股必是有价值者联盟体！没有谁能操纵一只优质股！只要你选择了永恒！投资就这么简单的你能否确信既定事实....大湾区是未来城市群世界样板...生态环境保护人人遵守规则...生态标杆必投巨资打造才有可行...必将推动国有化龙头生态治理公司运作模式...:东江环保在前行或履行上述目标战略...龙头必须是生态全产业链放科技创新龙头......必须走国际合作道路共享生态治理技术...你确信后只做一件事永久持股直到你确实需要钱否则可以再永久直到终老直到下一代行动在每一个人环保股必有可为之气节你会幸福的
2019-01-03,拋光券商正当时！环保19杠大旗！粤港澳大湾区来了生态牛来了无业绩券商早盘冲高大幅回落，主力资金疯抢大湾区环保股龙头东江环保发力拉升有故事！粤港澳大湾区生态优先战略规划提前布局有前景

2019-01-03,突然发现 吧里看多的明显多了呀

2019-01-03,一直都是 不管咋跌 总是一堆人看多 这吧也是奇葩
2019-01-03,不管京东方在怎么虐 千百遍 也待她如初恋 拥护者很多
2019-01-03,嗯你說啥？看多的多了。但是不妙。是不是迴光返照呢？如此真的很不妙。

2019-01-03,刚才什么情况[为什么][为什么][为什么]

2019-01-03,散了吧就这样了。。

2019-01-03,图解：科大讯飞、京东方、博雅生物、乾照光电、华夏航空

2019-01-03,小京冲鸭现在最需要的是一鸣惊人！

2019-01-03,越跌越买 发工资还买

2019-01-03,偷偷的吃一大口，又偷偷地吃一大口

2019-01-03,本次调整目标价为2.46上次为2.52，同志们别慌着进

2019-01-03,横，则继续跌……

2019-01-03,大蓝筹石化保险银行，大消费概念白酒医药，家电已死！中兴通讯，回调逢低，分批次低吸

2019-01-03,癌股之中你最废

2019-01-03,棺材板又压上了

2019-01-03,

2019-01-03,没有核心技术的垃圾，设备是棒子的，生产线日本的，核心技术也是棒子的，和大多数披着

2019-01-03,京东方 数十年来除了坑韭菜散户，还做了什么？
2019-01-03,垃圾公司

2019-01-03,韩国宣布管制OLED生产设备出口 来源:爱集微 集微网消息，根据韩国媒体《Bus

2019-01-03,垃圾玩意
2019-01-03,这不就卡住京东放了？
2019-01-03,完了

2019-01-03,烂货就是烂货你看见大盘在反弹了吗，再看看你动没

2019-01-03,每天来慰问一下，屮尼马

2019-01-03,”魔力屏“产能竞赛开场，京东方逆势扩产胜算几何？

2019-01-03,人有多大胆，地有多大产。每个成功的人都是逆风而行，当然也可能是深渊巨口

2019-01-03,奶奶的，早盘大盘诱多，现在又探底了

2019-01-03,。上午橫盤。尾盤有小的漲幅。

2019-01-03,跌吧！跌到两块我卖房全仓干你！

2019-01-03,真到两块，还不知道是她干你还是你干她

2019-01-03,大概率是京东方底了，除非大盘接着往下跳，以前都是跟跌不跟涨的，小心不要踏空

2019-01-03,耐心等 5元见

2019-01-03,这股再跌1.6就可以退市了

2019-01-03,癌症患者，晚期

2019-01-03,能装逼，胡咧咧，股市老兵725第一位

2019-01-03,新兵蛋子是拉客户收费的，大家小心，多翻翻他帖子看看
2019-01-03,a股标兵 京东方
2019-01-03,大家注意了，股市新兵是收费的，注意了

2019-01-03,8K 5G 最强组合来了！京东方和联通战略合作

2019-01-03,面板全球的主要玩家只有四个，中国大陆、韩国、中国台湾地区和日本。根据IHS的预测，到2019年，中国大陆的面板产能占全球的39%，韩国占30%，中国台湾地区占24%，日本占7%。

2019-01-03,做了个反踢 哎 丢啦100股

2019-01-03,成功了两次 一次又倒亏 哎 我是成功赚半分 失败丢一分半 有钱就补吧 再踢就飞了 4.53的本 从2000股一路补到16000股
2019-01-03,六元 留到现在 不容易啊
2019-01-03,你不是5.5的本嘛，怎么现在成了4.5
2019-01-03,发工资又补啦 昨天大跌 今天看啦下 想踢 结果丢啦100股

2019-01-02,A股~还欠我们散户一个~大牛市[俏皮][俏皮][俏皮]京东方A~还欠我们散户一个

2019-01-03,2019A股的~转折之年2019京东方A的~锻造之年2019理性中长线散户投资者的~狂欢之年！！！
2019-01-03,当很久以后你们会发现，这小子讲的话是很对(^o^)
2019-01-03,
2019-01-03,只能说~本观点~没有问题！！！

2019-01-03,首家数字化医院开张，京东方进军智慧健康

2019-01-03,这股今年也很难反弹了，2元以下看样子是要跌的

2019-01-03,换股豫光金铅去了

2019-01-03,不跌不买。

2019-01-03,咋不往下砸？气人！我想低位买都不行。

2019-01-03,今天是今天，明天是明天！！！

2019-01-03,284284284

2019-01-03,老李股市日记--20190102

2019-01-03,老李股市日记--20190102

2019-01-03,磨呀磨!

2019-01-03,"""韭菜根克星~先生"":""韭菜根""所有警示语录~面向公众开放[俏皮][俏皮][俏皮"

2019-01-03,提倡~理性投资反对~非理性盲目分析预测与以

2019-01-01,"""韭菜根克星~先生""与""珠海炒股人~先生"":今天是2019年的第一天~但你们还记"

2019-01-01,他们都是
2019-01-01,煞笔
2019-01-02,2019
2019-01-02,事实胜于雄辩！！！
2019-01-03,提倡~理性投资反对~非理性盲目分析预测与以

2019-01-03,绝了，京东方

2019-01-03,公告，本股东从即日起将在十五个交易日内，减持10000.00股，特此公告

2019-01-03,此股庄家控盘技术堪比我国高铁技术，牛逼

2019-01-03,"""韭菜根克星~先生""：你们每天用N个马甲~上下忽悠[俏皮][俏皮][俏皮]你们每"

2019-01-03,笑看~股市笑看~股吧百态笑看~京东方A！！！
2019-01-03,笑看~股市笑看~股吧百态笑看~京东方A！！！
2019-01-03,你们~快乐吗！！！
2019-01-03,
2019-01-03,
2019-01-03,提倡~理性投资反对~非理性盲目分析预测与以

2019-01-03,我就想知道这个股票要跌到多少

2019-01-02,新年新气象！金星伴月，星月同辉！[微笑]

2019-01-02,北京今早拍到的，从来没有遇到过，预示着什么呢？
2019-01-02,楼主你拍的？
2019-01-03,不是俺，是老公昨天早上拍的。。。

2019-01-03,快卖！2.50必破！

2019-01-03,今天搞不好停

2019-01-03,今天竞价买的不对头

2019-01-03,"""股友xs9nfC~先生""：心态~永远是入市的第一要素[俏皮][俏皮][俏皮]你"

2019-01-03,笑看~股市笑看~股吧百态笑看~京东方A！！！
2019-01-03,笑看~股市笑看~股吧百态笑看~京东方A！！！

2019-01-03,我希望每天都是 低开高走...[拜神]

2019-01-03,我提出一个问题，千年韭菜根每天刷出大量旧帖该不该禁言？(置顶)

2019-01-03,顶
2019-01-03,该

2019-01-03,抄底，满仓干[胜利][胜利][胜利][胜利][胜利]

2019-01-03,"2019""韭菜根""的笑声~"

2019-01-03,狗嘴吐不出象牙的韭菜根。

2019-01-02,你妹，股价都不如乐视

2019-01-02,乐视是大国重器
2019-01-02,我已经买了

2019-01-03,呼吁大家，我们所有人一起举报＂渣渣＂韭菜根？举报内容一栏，有一栏内容为＂恶意灌水

2019-01-03,支持

2019-01-04,京东方A01月03日深股通减持95.13万股

2019-01-04,又减持，bastard
2019-01-04,小心外资搞破坏。
2019-01-04,外资外逃这是最好的，不等他们在股票大涨后割掉更多的韭菜，现在国际的股票大跌，他们要把资金抽出去救自己。现在我们自己人购买才是最好的，以后等涨的时候，他们入市场翻10倍后，我们才走

2019-01-04,草尼就是一废柴股

2018-12-27,待到秋来九月八，我花开后百花杀。冲天香阵破长安，满城尽带黄金甲一一一咏菊(永局)

2019-01-04,一个人永远不可能靠做空自己的祖国而成功。价值会迟到，但永远不会缺席！历史会记住，人民会记住，韭菜会记住，太阳会从东方升起！

2019-01-04,最垃圾的股非你莫属

2019-01-04,涨停板也没用

2019-01-04,从今天开始只加仓，只加仓加仓，加仓，三年都不再减仓，做T不算减仓。

2019-01-04,谢谢不杀之恩！再杀就被平仓啦！

2019-01-04,亏了30个点 什么时候才能回本[哭][哭][哭][哭][哭][哭][哭][哭][

2019-01-04,翻倍才回本 我
2019-01-04,这两年买什么亏什么 另外一个亏50个点
2019-01-04,朋友别哭我依然是你心灵的归宿朋友别哭，要相信自己的路红尘中，有太多茫然痴心的追逐你的苦，我也有感触
2019-01-04,28%
2019-01-04,嗯朋友不要哭，哭有什麼用？我也跌掉了，好幾萬了。
2019-01-04,朋友别哭，天堂是你的归宿，一路走好！
2019-01-04,只跌不涨的烂股
2019-01-04,翻倍我都回不来本 哈哈哈
2019-01-04,坚守 坚定 坚持
2019-01-04,明天
2019-01-04,你涨个5分钱会死人啊
2019-01-04,卖在低点
2019-01-04,亏 50多点的不说话
2019-01-04,卖在最低点
2019-01-04,做t

2019-01-04,有没有被甩下车的来报个到

2019-01-04,收盘大跌

2019-01-04,加油方方，学学牛牛。

2019-01-04,十万手哥在哪里，冲上去涨停，今天好拉

2019-01-04,向上突破2塊7毛1。

2019-01-04,不可能，明显诱多，回调再次确认低点

2019-01-04,涨停加油！

2019-01-04,动一动了老铁，别窝着不动呀

2019-01-04,韭菜根，请你床上安息，梦吧！

2019-01-04,电子行业跟踪

2019-01-04,龙头休息是终结还是暂停@bear

2019-01-04,珍惜手中的货，一套房子变十套还是变首付你说了算

2019-01-04,哎，我就不涨，6不6。曹

2019-01-04,不到2019年9月别想反转

2019-01-04,唱多的人這麼多，一定會大跌。

2019-01-04,唱多就是不愿意卖的人多了，唱空的就是还想买更便宜股价，骂娘多就是深套的人多

2019-01-04,起名京东僵尸

2019-01-04,2.60卖出的都是什么垃圾

2019-01-04,下午定能到2.46大家不要急，也别怕

2019-01-04,2.46元，切记

2019-01-04,看看苹果，还不快跑！！
2019-01-04,机构正在拉高出货，下周追随美股暴跌

2019-01-04,东方财富软件，手机版本能不能把K线横屏显示？谁知道呀？指点一下

2019-01-04,我要的
2019-01-04,我晓得
2019-01-04,点日K线图，中间有 放大 缩小 全屏 三个符号。
2019-01-04,分时K线图偏右中下方有一个蓝色小圆圈放大全屏符号。

2019-01-04,今天任何事都有可能哈

2019-01-04,现在股市，谁进谁死

2019-01-04,这种股很容易重新上市

2019-01-04,大盘涨停来一个 2019就会是小牛市

2019-01-04,这股跌透还早

2019-01-04,你是魔鬼？

2019-01-04,京東方a我去。等我吃過飯再來看你。

2019-01-04,没人抄底京东方，竟然

2019-01-04,今天垫上了棺材板，不让猛跌

2019-01-02,每一波行情~都是叫骂声中产生~然后再欢呼中退去[大笑][大笑][大笑]！！！

2019-01-02,就你S.B在这乱叫
2019-01-02,sb的定义：嘴里经常含着sb二字的人~才是真正的sb跪安吧！！！
2019-01-02,爱打板~就别观注~京东方！！！
2019-01-03,不以涨喜~不以跌悲永远做一名~开心快乐的玩股者(即~理性中长线投资者)祝2019年~理性中长线散户投资者~开心快乐~每一天！！！
2019-01-04,盘中~快乐！！！

2019-01-04,股灾来了，快跑啊

2019-01-04,真以为跌两分钱就不是肉啊，一根萝卜可以买你两股了。

2019-01-04,跑吧应该是要干到4一下[想一下]

2019-01-04,這個瘟股上下拉鋸，連逃跑的機會也沒有。你想要做題也沒有機會呀。

2019-01-04,京东方那么多专利，那么多第一，现在竟然伦落到这种地步

2019-01-04,嗯，下周會有大的丈夫。在大戰之前一定會有一次暴跌。

2019-01-04,天天就是一副活不活死不死的的样子

2019-01-04,利好也不涨

2019-01-04,瞎了眼了，买这破股

2019-01-04,今天又暴跌呀。上天保佑今天我有逃跑的機會呀。[大笑][大笑][大笑][大笑][大

2019-01-04,这个股股价 估计2块左右会 稳住，京东方股价是对高管们套现做出的回应。吸血王。

2019-01-04,打压股价 哎

2019-01-04,东方通信已结束，京东方开始启航888888888888

2019-01-04,超级大垃圾

2019-01-04,

2019-01-03,需要一个涨停提升士气

2019-01-03,快了
2019-01-04,支持

2019-01-04,快押棺材板

2018-12-22,2018年京东方从最高价6.6元跌到现在的2.6元，是有内在逻辑还是意外？ 如果

2018-12-22,楼主也是对这货绝望了吧？
2018-12-22,退市也有可能。一切皆有可能！
2018-12-22,我已于10月16日被强制平仓，强平价格2.6元，极其惨烈。正在筹资再战，现在这个价格，想抄底，我看还早
2018-12-22,牛市融资锦上添花，熊市融资雪上加霜。
2018-12-22,说的有道理。
2019-01-03,京东方可能又会被ST的

2019-01-04,京东方A(000725)融资融券信息(01-03)

2019-01-04,京东方A01月03日获深股通减仓95.13万股

2019-01-04,有本事跌到1.6

2019-01-04,厉害了 2019 看好京东方

2019-01-04,"""韭菜根克星~先生""：你们十次预测九次败[俏皮][俏皮][俏皮]竟然~还有脸出来"

2019-01-04,美股跌3个点，今天大盘怎么跟?

2019-01-04,韭菜根无面目见人逃跑啦！

2019-01-04,跌到2.3元再看吧，跌破2.3元就不能买了。

2019-01-03,抓紧空仓，迎接明天暴跌

2019-01-03,
2019-01-03,明天2.52保卫战又开始了，你们加油＾０＾~。

2019-01-03,苹果供应商都完蛋了

2019-01-03,2018年中国显示器件行业上市公司市值排行榜

2019-01-03,
2019-01-03,
2019-01-03,京东方也很可怜，它当前的市值还抵不上它准备投资的两条产线。
2019-01-03,东旭光电靠数不清的增发和债转股增大市值的假龙三

2018-12-26,要破2.47卖卖卖

2018-12-26,
2018-12-27,
2018-12-27,都不看好了，，，，，，，
2018-12-27,
2019-01-02,
2019-01-02,卖
2019-01-03,
2019-01-03,傻逼一个
2019-01-03,欠骂的臭b

2019-01-03,"盘点2018,工资较上年少了4万，股市亏了760万！到手货币7万，叫人怎么活？"

2019-01-03,2019年京东方应该有一波行情，关注屏市场

2019-01-03,今天开始建仓！ 再跌再进！只进不出了！ [微笑][微笑][微笑]

2019-01-03,这么便宜的筹码，蠢货主力机构们不吸？

2019-01-03,主力还没买足

2019-01-03,晚安：股市~就是资本游戏[俏皮][俏皮][俏皮]股市资本搏奕[俏皮][俏皮][俏

2019-01-03,京东方A庄家还在测试月线上升趋势线的支撑吧

2019-01-03,跌了4块钱了！还在跌

2019-01-03,6.6圆去年11月购入。何时回本？？？

2019-01-03,前年2017年11月
2019-01-03,多少股
2019-01-03,多少本现在
2019-01-03,2025实现中华民族的伟大复兴的时候。那时候会有牛市。在等7/8年能回本
2019-01-03,明天
2019-01-03,猴年马月
2019-01-03,这么高啊
2019-01-03,节哀
2019-01-03,踢踢就是踢不踢飞就可以
2019-01-03,今天2.58卖 2.60接回啦
2019-01-03,开玩笑的！对不？

2019-01-03,认真的问你个事 如果我们透露主力建仓信息 盈利后能做到诚信分成吗

2019-01-03,认真的问你一个事情，有主力建仓信息你干嘛要透露，自己赚钱就好，何必透露出来增加自己风险，减少自己利润，等别人给你分成呢？
2019-01-03,京东方的风险还是很大的，盈利跟不上，产业不创新，只是国家战略的一颗棋子。谨慎买入，珍惜自己的血汗钱
2019-01-03,合作追求双赢共赢
2019-01-03,你怎么知道
2019-03-14,要跟上吗

2019-01-03,京东方合肥医院已经开诊[俏皮][俏皮][俏皮]但治不了百病[俏皮][俏皮][俏皮

2019-01-03,睌间~快乐！！！

2019-01-03,这股有多少人拿来作为打新跳板？？？？？

2019-01-03,是哦 不说还不知道 这种织布机还有这种用处

2019-01-03,中国鼎益丰：聚了又散，散了又聚，金融资本，亦复如斯

2019-01-03,明天要暴跌。能跑你就快跑，不能跑你就臥倒。

2019-01-03,吓病了
2019-01-03,这位股友，你病的不轻，这股一下子跌不了多少，也一下子涨不了多少

2018-10-03,致谢~骂街者:17年本人~从建仓，守仓，到成功逃顶~一步步走过来，都要感谢~骂街

2018-10-03,各位所谓的大师老师~及你们的马甲们，如果你们还想骂~请继续。
2018-10-03,加油啊。
2018-10-03,笑~天下可笑之事，笑~天下可笑之人。
2018-10-03,
2018-10-03,
2018-10-04,早安。
2018-10-04,晚间~快乐。
2018-10-05,你们~继续啊。
2018-10-05,
2018-10-05,
2018-10-05,笑战~熊市，独战~群丑，笑傲~股市。
2018-10-05,
2018-10-05,与邪恶势利~斗争到底。
2018-10-05,来点营养的
2018-10-05,人民生活变好啦~以前很多有营养的东西~现在都变成了垃圾食品~以前很多没营养的食品反而变成了宝送您一句终告~无论股市还是股吧~所谓有营养的东西~都是在扯蛋。想学习投资知识~去线下学习~这里只适合玩耍。而且~先把心态学好~再学技术~这也是终告。
2018-10-05,传播~正能量，与邪恶势利~斗争到底。
2018-10-05,睌安~88明见。祝理性投资者(即中长线投资者)节日快乐。
2018-10-06,传播正能量~提倡理性投资。
2018-10-14,各位骂街者~看看你那熊样想骂~请继续啊。
2018-10-14,感谢
2018-10-15,熊市操作(个人观点~非投资建议)：熊市~短线不益介入，想炒短线~等大趋势再介入不晚熊市~中长线理性投资者~可分批建仓，但仓位不益过重，或守住底仓~波段操作降低成本，待大趋势起稳后~逐步加仓理性投资~战熊迎牛~不是梦！！！
2018-11-27,开开心心~玩股，快快乐乐~投资祝理性中长线散户投资者~开心快乐~每一天！！！
2018-12-09,周末~快乐。
2018-12-19,睌间~快乐！！！
2018-12-21,心态~永远是入市的第一要素独立思考与独立操作~永远是股市生存之本祝理性中长线散户投资者~周末快快~睌间88明见！！！
2018-12-28,

2019-01-03,辣鸡

2019-01-03,"""快乐投资~笑斗群丑""：提倡~理性投资[俏皮][俏皮][俏皮]反对~非理性盲目分"

2019-01-03,午间~快乐！！！
2019-01-03,盘中~快乐！！！
2019-01-03,睌间~快乐！！！
2019-01-03,历史~可证明，时间~可检验，市场~可验证一切谎言~都会不攻自破！！！

2019-01-04,这垃圾大盘都没涨过。

2019-01-03,"A股~之梦：A股守梦人""韭菜根""~为""决战熊市~笑迎坐等牛市""~所持个股(包括京"

2019-01-03,守住底仓~玩转仓位玩转~牛熊，笑傲~股市！！！
2019-01-03,理性投资~是前提稳健操作~是步骤大道至简~悟者天成祝理性中长线散户投资者~开心快乐~每一天！！！
2019-01-03,辣鸡
2019-01-03,您被辣到啦！！！
2019-01-03,没有良好的心态~远离股市~为最佳选择！！！
2019-01-04,盘中~快乐！！！
2019-01-04,盘中~快乐！！！
2019-01-04,2019年
2019-01-04,熊市~闲聊：止跌~不是重点~起稳才是重点反弹~不是重点~反转才重点支撑~不是重点~突破才重点支撑~不是重点~能否得到有效支撑才是重点突破~不是重点~能否确认有效突破才是重点所谓的技术(或技术指标)~不是重点~心态才是重点买~不是重点~卖才是重点入市投资~不是重点~学会理性投资(与理性操作)才是重祝理性中长线散户投资者~2019年~开心快乐~每一天！！！
2019-01-04,辣鸡是

2019-01-04,"""韭菜根克星~先生""：""韭菜根""的""防忽悠专帖""~什么人才会反对[俏皮][俏皮]"

2019-01-04,

2019-01-04,我就奇怪了，这么低怎么那么多抛的，过年都急用钱？

2019-01-04,你没看到融资客在跑？

2019-01-03,"对事不对人：""反弹不是底，是底不反弹""~是典型马后炮[俏皮][俏皮][俏皮]股市"

2019-01-03,提倡~理性投资反对~非理性盲目分析预测与以
2019-01-03,睌间~快乐！！！
2019-01-04,我对话不对人，这是一句正确的废话！与高抛低吸一样也是句废话！对应于京东方的股价区域在哪儿呢？高中低哪个？干嘛要去追寻哪个绝对的底呢？不谋全局者不足以谋一域。
2019-01-04,
2019-01-04,
2019-01-04,

2019-01-02,19年3月26才披露年报，这么晚披露中间有什么鬼，

2019-01-02,多骗点人买
2019-01-02,业绩不好
2019-01-02,也公布太晚了
2019-01-03,算比较早的了，最晚的四月底都有。

2019-01-04,熊市~闲聊：止跌~不是重点~起稳才是重点[俏皮][俏皮][俏皮]反弹~不是重点~

2019-01-04,盘中~快乐！！！
2019-01-04,理性中长线投资者的言论投机炒作者~请忽略智商余额严重不足者~请绕道而行！！！
2019-01-04,祝理性中长线散户投资者~2019年~开心快乐~每一天！！！

2019-01-04,[胜利]今天郭嘉队进场了，力挽狂澜独立全球。

2019-01-03,小庄今天2.62你压不住。

2019-01-04,3号就说过2.62压不住。小庄你不听非卖。你能接回来么

2019-01-04,卖了京东方，买了国海证券，哈哈，过个好年

2019-01-01,眼界不同则格局不同

2019-01-01,今年依然坚持：从2016年初开始的在三至五年最长八年时间段内，对选定的京东方，福田汽车，包钢股份｛或中国平安｝依然选择战略｛长线｝看多，战术｛短线｝随股势做钱票占比操作。注：中国平安一般在“救市”时，我才会随之“起舞”。
2019-01-01,祝前辈新年快乐，身体健康，万事如意。
2019-01-02,新年好！美国的封杀不会停，世界经济阴霾继续，我们的日子不会阳光灿烂。心态关你还得继续闯哦。
2019-01-02,按照以往，照目前股市现状应该“救市”重提。可如今没丁点响动：是放弃｛要跌就随你｝，还是信心十足跌不下去了？
2019-01-02,
2019-01-02,谢谢你。
2019-01-03,去年冬开始难得有点阳光，寒冬腊月却持续绵绵~~给自己一点坚强再加一点智慧{根据自己的状况控制好钱票占比，尽可能游刃有余进退自如｝。日子总是要过的，不至于动不动就寻死吧。
2019-01-03,信心十足
2019-01-03,信心十足
2019-01-03,
2019-01-03,如果你想操作：上面这段话要天天读｛至少现而今眼目下你没法大概率判断后市涨跌｝。
2019-01-04,把该做的做了：调整好钱票占比，进退自如。今天依然只看不操作。
2019-01-04,让市场自己寻找市场底。
2019-01-04,新股：没｛有点影响的｝人呼吁停止了。救市：也没｛有点影响的｝人疾呼呐喊了。减持：见惯不惊了。市场就是市场，让市场说了算好！
2019-01-04,一个人如果让依赖成为了习惯，那这辈子就毁了！
2019-01-04,走到极端总会有反抗性挣扎的。
2019-01-04,当然也有吓得尿床的。

2019-01-04,"""韭菜根克星~""先生：发表个人观点~为何要求别人的认可度[俏皮][俏皮][俏皮]"

2019-01-04,周末~快乐！！！

2019-01-04,韭菜根，你那份“问上帝”烂帖已刷出来上千次，你何苦呢！你真的不知耻吗？

2019-01-04,韭菜根，你的江湖骗术帖已反复刷出来1074次了，不觉厌吗？不知耻吗？看来你确实无

2019-01-04,"""韭菜根克星~先生""：你们在事实面~再用N个马甲立帖狡辩~有意思吗[大笑][大笑"

2019-01-03,韭菜根这个渣渣！全部都是自己给自己顶，给自己回贴！无聊到极致的渣渣……

2019-01-03,大家一起顶起来，让这个渣渣消失……
2019-01-03,顶

2019-01-04,天气回暖了

2019-01-04,可怜的韭菜根，还以为你多高水平，其实你是一个无赖，疯子！

2018-11-11,"短期""分水岭""(非投资建议)：下周~无大盘还是京东方~都必将行成短期的""分水岭"""

2018-11-11,000917今年以来达晨创投已投项目已超40个
2018-11-11,勿跟帖~卖套。
2018-11-11,想推荐股票(即卖套)~请自行开帖~勿跟帖自找无趣。
2018-11-11,股市操作之~技术指标(非投资建议)：无论牛熊~无论短线投机或中长线投资，都不能否
2018-11-11,晚间~快乐。
2018-11-11,快乐~度周末，坐等~下一周。
2018-11-12,盘中~快乐。
2018-11-12,熊市~提倡
2018-11-12,本人所有言论~全部为个人观点~非投资建议观后请一笑而过！！！
2018-11-12,本人所有言论~全部为个人观点~非投资建议观后请一笑而过！！！
2018-11-12,晚安:都别瞎忽悠啦任何人的言论~也改变不了短期趋势(股价)变化预测~不是重点，盘中应变~才是重点不要与趋势作对~顺势而为是前提晚安~88明见！！！
2018-11-13,股市~大盘(或个股)短期趋势预测(非投资建议)：无论大盘还是个股~向上未行成有效突破前~一切盲目预测~都是水中望月提倡~理性投资，反对~盲目预测！！！
2018-11-13,股市~大趋势变化研判的重点(非投资建议)：内外因素相结合~是研判大趋势变化的重点内因~是主因，外因~是条件两种因素共同作用下~形成的大趋势熊市投资的重点~
2018-11-13,仍需~观察！！！
2018-11-13,大盘与京东方A~短期操作观注重点(非投资建议)：短期操作观注重点~不是能涨多少的问题，而是否能行成有效突破(或如何分辨真假突破)！！！
2018-11-13,大盘与京东方A~短期操作观注重点(非投资建议)：短期操作观注重点~不是能涨多少的问题，重点应观注~是否能行成有效突破(或如何分辨真假突破)！！！
2018-11-13,闲人闲聊~熊市投资(布局)：布局熊市~是为了未来的牛市布局(买)京东方A~也是中长线投资布局两者~都不是短线投机想短线投机~等大趋势行成有效突破~再来吧(个人观点~非投资建议)！！！
2018-11-13,晚间~快乐。
2018-11-13,
2018-11-13,股市~不是赌场~是戏场，股市~不戏场~是战场股吧里~你是在唱戏，盘面上~才是实战多休息~少忽悠吧晚安~88明见！！！
2018-11-14,理性投资(个人观点~非投资建议)：机会是跌出来的~风险是涨出来无论大盘~还是京东方A，在大趋势未行成有效突破前~短线投机不宜介入！！！
2018-11-14,晚间~快乐。
2018-11-15,开开心心~玩股，快快乐乐~投资。
2018-11-15,股市趋势分析预测(非投资建议)：鸡叫了~天会亮，鸡不叫~天也会亮天亮不亮~鸡说了不算预测~不是重点，盘中应变~才是重点理性投资~只是操作的前提，顺势而为~才是操作重点在市场面前~所有的盲目预测~都是徒劳，市场~才是最公证的裁判！！！
2018-11-15,股市就是资本游戏：资本游戏~就用资本说话盲目~
2018-11-16,盘中~快乐。
2018-11-16,学会~快乐投资，才会~在投资中寻找快乐祝理性中长线投资者~永远开心快乐！！！
2018-11-16,股市(或个股)变盘节点(非投资建议)：股市(或个股)变盘节点~预测成功率只有50%所以变盘节点~更无需盲目预测，盲目预测是浪费感情，变盘节点~关注的重点应放在盘中应变上来，读懂盘口语言~才是变盘节点时的重点不要把所谓的(庄家主力)当做神~他们也是人，除非不作~作就会留下痕迹提倡理性投资~反对非理性盲目预测，理性投资~战熊迎牛~不是梦祝理性中长投资者~开心快乐每一天！！！
2018-11-16,玩一周，乐一周，快快乐乐~每一周祝您~周末快乐。
2018-11-18,本帖~非短期趋势预测，发帖时间~只是巧合这只是一名理性中线投资者的观点而已提倡~理性投资，反对~非理性盲目分析预测。

2018-11-18,
2018-11-18,变盘节点(非投资建议)：下周~无论大盘还是京东方A~都处于变盘节点的重要位置突破~以不是重点，重点是~能否行成有效突破如能行成有效突破~做多动能必将放大~从而继续上攻，反之~需继续观察(继续横盘震荡~回调~下探~或寻底探底)个人观点~行成有效突破前~短线投机不宜盲目介入，中长线理性投资者~盘中随机应变！！！
2018-11-18,晚安：祝中长线理性投资者~夜夜有好梦~日日好心情88明见。
2018-11-20,早安。
2018-11-20,提倡~理性投资反对~非理性盲目分析预测。
2018-11-20,股市里的炮灰：股市里~套的是短线投者~割的也是短线投机者短线投机者~永远是股市里的炮灰！！！
2018-11-21,在事实面前~
2018-11-21,底部(非投资建议):无大盘还是京东方A~没有决对的底部~只有相对的底部(即短期底部和中长期底部)。底部~是走出来的，真正的底部~是筑底完成~市场起稳后~才能确认。提前的预底~是浪费感情，客观做法应~边走边看。个人投资观点~永远不空仓~永远不满仓，永远做到~进可攻退可守~永不言败。用自己的智慧~去挑战自我~挑战未来。提倡~理性投资，理性投资~战熊迎牛~不是梦！！！
2018-11-23,盘中~快乐。
2018-11-23,本帖~非短期趋势预测本帖~只是一名理性中长线散户投资者~客观理性的观点而已，观后~请一笑而过。
2018-11-24,提倡~理性投资反对~非理性盲目分析预测。
2018-11-24,任何~技术分析~也解释不了
2018-11-25,事实胜于雄辩。
2018-11-25,
2018-11-25,开开心心~玩股，快快乐乐~投资祝理性中长线散户投资者~开心快乐~每一天。
2018-11-27,提倡~理性投资反对~非理性盲目分析预测！！！
2018-11-27,各位经常立帖
2018-12-10,提倡~理性投资反对~非理性盲目预分析预测。
2018-12-10,盘中~快乐。
2018-12-14,祝~理性中长线散户投资者~周末快乐！！！
2018-12-14,
2018-12-14,
2018-12-16,在事实面前~一切谎言都会不攻自破！！！
2018-12-17,用事实说活拒绝~无理狡辩！！！
2018-12-18,本帖~非短期趋势预测~只是个人观点而已~发帖时间点~纯属巧合短期趋势变化无法准确预测~是客观的事实任何方式的短期趋势准确预测~都是在忽悠，预测不是重点~盘中应变(读懂盘口语言)才重点，放弃无聊的盲目分析预测~回归理性操作~才是重点提前把自己的操作计划做好~按自己的操作计划来稳步操作，理性投资~是前提，稳健操作~是步骤祝理性中长线散户投资者~开心快乐每一天！！！
2018-12-18,A股短期分水岭~必将再次行成(持股闲聊~非投建议):无论大盘还是京东方A~前期缺口均以补齐短期~必将再次行成~短期分水岭预测~不是重点，盘中变化(读懂盘口语言)~才是重点，祝理性中长线散户投资者~开心快乐每一天(个人观点~观后请一笑而过)！！！
2018-12-19,用事实说话拒绝~无理狡辩！！！
2018-12-19,笑看~股市，笑看~股吧百态，笑看~京东方！！！
2018-12-19,本帖~非短期趋势预测~只是个人观点而已~发帖时间点~纯属巧合短期趋势变化无法准确预测~是客观的事实任何方式的短期趋势准确预测~都是在忽悠，预测不是重点~盘中应变(读懂盘口语言)才重点，放弃无聊的盲目分析预测~回归理性操作~才是重点提前把自己的操作计划做好~按自己的操作计划来稳步操作，理性投资~是前提，稳健操作~是步骤祝理性中长线散户投资者~开心快乐每一天！！！
2018-12-19,用事实说话拒绝~无理狡辩！！！

2018-12-19,股市投资~常识：短期趋势(股价)变化无法准确预测~是股市投资的常识如果有人经常给出您~短期趋势(股价)变化的准确预测~
2018-12-19,睌安：心态~永远是入市的第一要素独立思考与独立操作~永远是股市生存之本祝理性中长线散户投资者~夜夜有好梦~日日好心情~睌安88明见！！！
2018-12-20,
2018-12-20,用事实说话拒绝~无理狡辩！！！
2018-12-20,熊不言底~牛不言顶：所谓的
2018-12-20,股市理性中长线投资(非短线投机)
2018-12-21,您自己便秘~与地球引力无关，操作失误~请多在自身找问题没有不好的股票~只有错误的操作适应~永远比抱怨更重要！！！
2018-12-21,持股闲聊之~ 理性观市~
2018-12-21,用事实说话拒绝~无理狡辩祝您周末快乐！！！
2018-12-21,本帖~非短期趋势预测~只是个人观点而已~发帖时间点~纯属巧合短期趋势变化无法准确预测~是客观的事实任何方式的短期趋势准确预测~都是在忽悠，预测不是重点~盘中应变(读懂盘口语言)才重点，放弃无聊的盲目分析预测~回归理性操作~才是重点提前把自己的操作计划做好~按自己的操作计划来稳步操作，理性投资~是前提，稳健操作~是步骤祝理性中长线散户投资者~开心快乐每一天！！！
2018-12-21,历史~可以证明时间~可以检验市场~可以验证一切谎言~都会不攻自破！！！
2018-12-21,历史~可以证明时间~可以检验市场~可以验证一切谎言~都会不攻自破！！！
2018-12-21,玩转~牛熊笑傲~股市与股吧邪恶势利~斗争到底！！！
2018-12-21,忽悠：趋势(无论上下)以行成~您再谈趋势~您是在忽悠短期分水岭(无论上下)以行成~您再谈短期分水岭~您是忽悠变盘(无论上下)以行成~您再谈变盘~您更是在忽悠股市投资~任何单方面的摇旗呐喊~都是在忽悠
2018-12-21,用事实~说话拒绝~马后炮！！！
2018-12-21,提倡~理性投资拒绝~非理性盲目分析预测拒绝~马后炮！！！
2018-12-21,分水岭~在你们
2018-12-21,心态~永远是入市的第一要素独立思考与独立操作~永远是股市生存之本祝理性中长线散户投资者~周末快快~睌间88明见！！！
2018-12-22,理性观市之~ 大趋势(持股闲聊~非投建议)：什么是大趋势~
2018-12-23,
2018-12-23,玩转牛熊~笑傲股市：布局~熊市决战~熊市未来中国必胜~A股必牛牛市~只会迟到~不会缺席打破~阴谋论~笑看京东方！！！
2018-12-23,本帖~非短期趋势预测~只是个人观点而已~发帖时间点~纯属巧合短期趋势变化无法准确预测~是客观的事实任何方式的短期趋势准确预测~都是在忽悠，预测不是重点~盘中应变(读懂盘口语言)才重点，放弃无聊的盲目分析预测~回归理性操作~才是重点提前把自己的操作计划做好~按自己的操作计划来稳步操作，理性投资~是前提，稳健操作~是步骤祝理性中长线散户投资者~开心快乐每一天！！！
2018-12-23,守仓不抛：目前~还
2018-12-24,本帖~非短期趋势预测~只是个人观点而已~发帖时间点~纯属巧合短期趋势变化无法准确预测~是客观的事实虽然从发帖后确实行成了短期的分水岭~但也只能说明对过去的的趋势研判是正确的而未来的趋势变化(是否会行成二次探底或再创新低)~(或时起稳或走强)仍需近一步观察，任何方式的短期趋势准确预测~都是在忽悠，预测不是重点~盘中应变(读懂盘口语言)才重点，放弃无聊的盲目分析预测~回归理性操作~才是重点提前把自己的操作计划做好~按自己的操作计划来稳步操作，理性投资~是前提，稳健操作~是步骤祝理性中长线散户投资者~开心快乐每一天！！！
2018-12-24,晚间~快乐！！！
2018-12-24,用事实~说话拒绝~无理狡辩！！！
2018-12-24,股市永远不变的真理:股市永远不变的真理~无论股市还是股吧~除了您自己~别人都是托祝理性中长线散户投资者~夜夜有好梦~日日好心情~睌安88明见！！！
2018-12-25,各位所谓(老师大师)的马甲们:你们继续立帖狡辩吧小品双簧~继续表演吧晚间~88明见！！！
2018-12-26,用事实~说话拒绝~无理狡辩！！！
2018-12-29,帖子~不在新老

2018-12-18,A股短期分水岭~必将再次行成(持股闲聊~非投建议):无论大盘还是京东方A~前期缺

2018-12-18,盘中~快乐！！！
2018-12-18,睌间~快乐！！！
2018-12-18,补完缺口~惯性下跌(技术面)是正常的，如下方支撑位得到有效支撑~短期仍有反弹的可能，跌破下方支撑位~必将继续下探寻找支撑(并且不排除二次探底的可能性)！！！
2018-12-19,布局熊市~是起点，决战熊市~是路途，坐等笑迎牛市~是目的理性投资~是前提，稳健操作~是步骤祝理性中长线散户投资者~开心快乐~每一天！！！
2018-12-19,用事实说话拒绝~无理狡辩！！！
2018-12-19,盘中~快乐！！！
2018-12-19,盘中~快乐！！！
2018-12-19,合理化建议：建议~
2018-12-19,盘中~快乐！！！
2018-12-19,股市短期操作建议：如果有人给您提出股市短期操作建议(无论~是建议您买还是卖，无论~建议您不要买还是不要卖，无论~建议您加仓或减仓，无论建议您空仓还是满仓，或是建议您锁仓)只要给您提出短期操建议~您有多远就离他多远股市没有活雷锋~别给的短期操作建议~多数均为坑！！！
2018-12-19,历史~可以证明时间~可以验证市场可以检验一切谎言~都会不攻自破！！！
2018-12-19,股价~是风，股价~是云，股价~是雨变化的~是短期股价，不变的~是理性中长线投者的心态祝理性中长线散户投资者~晚间快乐！！！
2018-12-19,
2018-12-19,熊市相对底部区域~是理性中长线投资者布局的最佳时期而大趋势尚不明朗~短线投机远离为佳！！！
2018-12-19,本帖~非短期趋势预测~只是个人观点而已~发帖时间点~纯属巧合短期趋势变化无法准确预测~是客观的事实任何方式的短期趋势准确预测~都是在忽悠，预测不是重点~盘中应变(读懂盘口语言)才重点，放弃无聊的盲目分析预测~回归理性操作~才是重点提前把自己的操作计划做好~按自己的操作计划来稳步操作，理性投资~是前提，稳健操作~是步骤祝理性中长线散户投资者~开心快乐每一天！！！
2018-12-19,睌间~快乐！！！
2018-12-19,用事实说话拒绝~无理狡辩！！！
2018-12-19,历史~可以证明时间~可以验证市场可以检验一切谎言~都会不攻自破！！！
2018-12-19,股市投资~常识：短期趋势(股价)变化无法准确预测~是股市投资的常识如果有人经常给出您~短期趋势(股价)变化的准确预测~
2018-12-19,睌安：心态~永远是入市的第一要素独立思考与独立操作~永远是股市生存之本祝理性中长线散户投资者~夜夜有好梦~日日好心情~睌安88明见！！！
2018-12-20,早安！！！
2018-12-20,
2018-12-20,午间~快乐！！！
2018-12-20,用事实说话拒绝~无理狡辩！！！
2018-12-20,晚间~快乐！！！
2018-12-20,熊不言底~牛不言顶：所谓的
2018-12-20,股市理性中长线投资(非短线投机)
2018-12-21,您自己便秘~与地球引力无关，操作失误~请多在自身找问题没有不好的股票~只有错误的操作适应~永远比抱怨更重要！！！
2018-12-21,持股闲聊之~ 理性观市~
2018-12-21,用事实说话拒绝~无理狡辩祝您周末快乐！！！

2018-12-21,本帖~非短期趋势预测~只是个人观点而已~发帖时间点~纯属巧合短期趋势变化无法准确预测~是客观的事实任何方式的短期趋势准确预测~都是在忽悠，预测不是重点~盘中应变(读懂盘口语言)才重点，放弃无聊的盲目分析预测~回归理性操作~才是重点提前把自己的操作计划做好~按自己的操作计划来稳步操作，理性投资~是前提，稳健操作~是步骤祝理性中长线散户投资者~开心快乐每一天！！！
2018-12-21,历史~可以证明时间~可以检验市场~可以验证一切谎言~都会不攻自破！！！
2018-12-21,历史~可以证明时间~可以检验市场~可以验证一切谎言~都会不攻自破！！！
2018-12-21,玩转~牛熊笑傲~股市与股吧邪恶势利~斗争到底！！！
2018-12-21,忽悠：趋势(无论上下)以行成~您再谈趋势~您是在忽悠短期分水岭(无论上下)以行成~您再谈短期分水岭~您是忽悠变盘(无论上下)以行成~您再谈变盘~您更是在忽悠股市投资~任何单方面的摇旗呐喊~都是在忽悠
2018-12-21,用事实~说话拒绝~马后炮！！！
2018-12-21,提倡~理性投资拒绝~非理性盲目分析预测拒绝~马后炮！！！
2018-12-21,分水岭~在你们
2018-12-21,心态~永远是入市的第一要素独立思考与独立操作~永远是股市生存之本祝理性中长线散户投资者~周末快快~睌间88明见！！！
2018-12-22,理性观市之~ 大趋势(持股闲聊~非投建议)：什么是大趋势~
2018-12-23,
2018-12-23,玩转牛熊~笑傲股市：布局~熊市决战~熊市未来中国必胜~A股必牛牛市~只会迟到~不会缺席打破~阴谋论~笑看京东方！！！
2018-12-23,本帖~非短期趋势预测~只是个人观点而已~发帖时间点~纯属巧合短期趋势变化无法准确预测~是客观的事实任何方式的短期趋势准确预测~都是在忽悠，预测不是重点~盘中应变(读懂盘口语言)才重点，放弃无聊的盲目分析预测~回归理性操作~才是重点提前把自己的操作计划做好~按自己的操作计划来稳步操作，理性投资~是前提，稳健操作~是步骤祝理性中长线散户投资者~开心快乐每一天！！！
2018-12-24,本帖~非短期趋势预测~只是个人观点而已~发帖时间点~纯属巧合短期趋势变化无法准确预测~是客观的事实虽然从发帖日确实行成了短期的分水岭~但也只能说明对过去的趋势研判是正确的而未来的趋势变化(是否会行成二次探底或再创新低)~(或时何起稳或走强)仍需近一步观察，任何方式的短期趋势准确预测~都是在忽悠，预测不是重点~盘中应变(读懂盘口语言)才重点，放弃无聊的盲目分析预测~回归理性操作~才是重点提前把自己的操作计划做好~按自己的操作计划来稳步操作，理性投资~是前提，稳健操作~是步骤祝理性中长线散户投资者~开心快乐每一天！！！
2018-12-24,晚间~快乐！！！
2018-12-24,用事实~说话拒绝~无理狡辩！！！
2018-12-24,股市永远不变的真理:股市永远不变的真理~无论股市还是股吧~除了您自己~别人都是托祝理性中长线散户投资者~夜夜有好梦~日日好心情~睌安88明见！！！
2018-12-25,适应~永远比抱怨更重要自己便秘~请多在自身找问题！！！
2018-12-25,各位所谓(老师大师)的马甲们:你们继续立帖狡辩吧小品双簧~继续表演吧晚间~88明见！！！
2018-12-29,帖子~不在新老

2019-01-04,"""韭菜根克星~先生""：""韭菜根""非技术高手[俏皮][俏皮][俏皮]""韭菜根""的言"

2019-01-04,上方还是有无形的手压制上涨，进入的资金不足依旧是对倒小上涨，随势大跌的状态。

2019-01-04,"""韭菜根克星~先生""：你们继续~狡辩啊[大笑][大笑][大笑]！！！"

2019-01-04,韭菜根，你混过日求存在的水平确实高。努力吧，韭菜根！

2019-01-04,京东方A01月04日资金揭秘

2019-01-03,TCL已经赶上你了[弱][弱][弱]

2019-01-03,已经被垃圾超越
2019-01-03,已经沦为垃圾[弱][弱][弱]
2019-01-03,垃圾TCL追上来了[鄙视][鄙视][鄙视][鄙视][鄙视][鄙视][鄙视]
2019-01-03,现在已经被乐视赶超。贾跃亭VS王东升
2019-01-03,哪是垃圾？
2019-01-03,怎么现在才超越，回看下，乐视走了多少波？

2019-01-04,"""韭菜根克星~先生""：你们能发表点有水平的言论吗[俏皮][俏皮][俏皮]不要总发"

2019-01-04,韭菜根闭了臭嘴，京东方才显涨势！

2019-01-04,跑不过天盘要你何用!

2019-01-04,2.63尾盘卖了303手，周一2.6接回来306手，希望成功

2019-01-04,祝你成功
2019-01-04,2.6你就接啊？

2019-01-04,这烂公司跑不过大盘，实在是烂

2019-01-04,不要大涨，慢慢来合适。

2018-08-21,科技股 底部呈现 加仓 加仓 撸起袖子加仓，就是干，成本做T降低至2.9元 全盘押注京东方A !

2018-08-21,科技股 底部呈现 加仓 加仓 撸起袖子加仓，就是干，成本做T降低至2.9元 全盘押注京东方A !
2018-08-22,底部夯实 震荡 随时准备突破！
2018-08-22,
2018-08-24,京东方A 深圳机场 一起干 稳中求胜！
2018-08-27,出掉半仓，夯实战国！
2018-08-27,出掉半仓，剩余64万股 ，目前成本2.68元 谢谢主力
2018-09-20,全力以赴 孤注一掷 京东方A
2018-12-05,京东方A今日筑底必成功 疯狂收集筹码 翻翻目标可期！
2019-01-04,历史底部 科技显示类第一股 无论长期短期必有回报！

2019-01-04,京东方是要让我做股东吗？[滴汗][滴汗][傲][傲]

2019-01-04,涨到2.9我看就割了吧，等他回本别指望了……
2019-01-04,我也不想做股东
2019-01-04,慢慢做T.

2018-10-11,简单明了，不伤大脑。 我在东方财富网贴的第一张持仓图，就是京东方。 现在看看这周

2019-01-04,实践是检验真理的唯一标准！就是这个趋势，没走好就是不进来！

2019-01-04,京东方短线跌不动了，但大涨可能性小，还是次新股潜力大，今天多只次新股涨停板，值得

2019-01-04,最后几分钟，再来两个点，让跑的人后悔去

2019-01-04,2.63挂了300手卖出，挂了半个小时，最后剩三分钟成交的，嗯，下周看看，2.56买回。

2019-01-04,玩一周~乐一周~快快乐乐~每一周[俏皮][俏皮][俏皮]玩一年~乐一年~快快乐乐

2019-01-03,希望明天多跌点，我好继续买，这票只能买跌，不能追涨

2019-01-04,今天行情太好了，我把资金昨天转出来，今天搞了把罗牛山，做t做的有点累，恭喜大家，成功守住2.52

2019-01-04,天涨1个点，明天再跌3个点，永远涨不过大盘

2019-01-04,最后半小时能不能突破2.68

2019-01-04,不可能，明天一跌.2.55
2019-01-04,动都不动一下，这廉价筹码没人要，下周破净
2019-01-04,明天你一个人玩

2019-01-04,大盘新高，京东方不动，动力不明。参考京东方一般走势走在大盘前面。下周一看空

2019-01-04,低开是肯定的

2019-01-04,融资盘再次出逃

2019-01-04,不会再降了。
2019-01-04,今天依旧是出逃，还会降。而且股价还没到最低

2019-01-04,怪胎！

2019-01-04,要是大盘跌两个点这垃圾怎么也要四个点以上吧。。

2019-01-04,这股又想要搞低价增发了，大股东压着不会涨的

2019-01-04,对头

2019-01-04,这走势说明一点，主力不缺筹码，2.63-65压单太多主力不想买，即便是为了拉指数

2019-01-04,廉价筹码没人要，

2019-01-04,出去的就别在进了，万一周一一根大阴棒，今天进去的全玩完

2019-01-02,满仓京东方，不赌股市赌国运，国荣我荣

2019-01-02,在韩国三星与LG的中小尺寸RGB OLED产线投资停滞了近一年期间内，中国内地的投资脚步却并没有放缓。除维信诺、深天马、信利纷纷追加投资了一条6代柔性OLED面板产线外，京东方则同时在重庆和福州各自再新增了一条6代柔性OLED面板产线。所以，仅以6代柔性OLED面板产线数量来看，中国内地已建和在建的加起来，总共有10条，如果加上深圳柔宇的类6代线，一起为11条。
2019-01-02,必亡
2019-01-02,幻想家死的更难堪
2019-01-02,顶。

2019-01-04,廉价筹码没人要，事出必有妖，看起来想去年10-19到23日的走势

2019-01-04,织布机，累

2019-01-04,这么压什么意思臭庄不要脸

2019-01-04,草尼玛就是一废柴股

2019-01-04,是有点

2019-01-04,京东方4重底修筑好，下面呢………

2019-01-04,继续五重底

2019-01-04,国家队出手了？

2019-01-04,出屎了是真的，

2019-01-04,这个价位还有大量的抛盘。韭菜太多了。

2019-01-04,韭菜们，不要再卖了[弱]

2019-01-04,狗屎太垃圾了

2019-01-04,放量20万手，你来不来狗庄

2019-01-04,大盘向上你向下，你这个大盘股怎么当的。要你何用！

2019-01-04,垃圾股

2019-01-04,大盘要破今天新高，你却在2.62左右争夺，下周走势可期啊

2019-01-04,火山

2019-01-04,一割肉就涨，庄家啊你大爷的坏得很，我只想赚点小孩压岁钱都不肯，我只是中国小散中的

2019-01-04,2.63卖2.62买也就只能赚个快餐钱

2019-01-04,股市不变的定律。 横久必跌

2019-01-04,大盘向上你向下?啥意思?带着大盘往下跌吗

2019-01-04,真是阿斗，连乐视不如，全部都扑街才对，还开什么股市

2019-01-04,割了，换豫光金铅去了

2019-01-04,咋不跌呢？给个机会上车嘛！

2019-01-04,印钞宝app发明人

2019-01-04,散了吧亏了一分钱。

2019-01-04,它部基金百亿来也

2018-05-07,快上车

2019-01-04,你这种人炒三辈子也是陪

2019-01-04,都别卖，让它涨上去[加油][加油][加油]

2019-01-04,mamapi

2019-01-04,赶快跑吧，涨一天起码阴五天

2019-01-03,万恶的癌股，丑恶的京东方，一路跌，一路补仓，什么时候是个头啊？

2019-01-03,有钱补仓就是福 全仓套死啦我
2019-01-03,真实写照
2019-01-03,你是跌几个点补仓啊？现在也才跌10个点，至少跌10个点才补仓吧
2019-01-04,我是6块高位下来的！
2019-01-04,有点钱就补啊！
2019-01-04,没钱啦 六元 五元的时候子弹打光啦 你多少本现在
2019-01-04,为什么一边发好消息，一边掉，这是骗人的把戏，我们都是在高位，一路下来的，那时还说排世界第二，对它抱有希望，
2019-01-04,六元的时候全是好消息 基本上看不到一些有价值的消息 散户主导的股市 消息却严重滞后 机构他们消息灵通 我们呢
2019-01-04,兄弟，已经这样了，必须坚持住，我是6.5，补仓后4.8，最近看情况还需要补仓一次
2019-01-04,看到你，我决定坚持
2019-01-04,羡慕还有钱补
2019-01-04,补到4.8了！
2019-01-04,我这个被你羡慕者的背后都是

2019-01-04,cnm就不能像杀跌痛快点？

2019-01-04,2.60那么大的压单，那帮货傻眼了吧，哈哈

2019-01-04,傻眼了吧

2019-01-04,股东人数怎么就不报出来了？

2019-01-04,"2019年""韭菜根""~ 熊市操作策略与重点(底仓闲聊~非投资建议):熊市操作"

2019-01-04,午间~快乐！！！
2019-01-04,理性中长线投资者的言论~短线投机炒作者请忽略智商余额严重不足者~请绕道而行！！！
2019-01-04,熊市~闲聊：止跌~不是重点~起稳才是重点反弹~不是重点~反转才重点支撑~不是重点~突破才重点支撑~不是重点~能否得到有效支撑才是重点突破~不是重点~能否确认有效突破才是重点所谓的技术(或技术指标)~不是重点~心态才是重点买~不是重点~卖才是重点入市投资~不是重点~学会理性投资(与理性操作)才是重祝理性中长线散户投资者~2019年~开心快乐~每一天！！！

2018-12-31,王东升说，2017年京东方的液晶面板全球出货量超越三星，实现了全球第一，连续五年

2018-12-31,挺好的，这样比让明星代言打广告强多了，钱也花了，全球人民都知道了是好产品，利国利民好企业
2018-12-31,如果没有京东方，很多人看不起液晶电视。
2018-12-31,说重点！！跌了家底？
2018-12-31,我说怎么液晶电视这么便宜了，利国利民。
2018-12-31,是的
2018-12-31,但是股价下跌
2018-12-31,只是买不起液晶面板的许多人买了京东方股票后，变得啥也买不起⋯⋯
2018-12-31,出货量第一，股价是全球倒数第一，三星股价1000美元以上，相当三星一条毛，如在美国早就退市（低于1美元）。现在再次烧钱，投资465亿OLED生产线，面板进入恶性竞争，从来不关心投资人的利益，120万投资者造成巨大损失，天理难容！吹牛屎倒有一套，面对投资人你你就是狗屎一堆！
2018-12-31,跌跌不休股价，说明经营状况不妙！
2018-12-31,是的如果机构主力看到京东方前景不会减持的
2018-12-31,为什么京东方是股东人数最多的公司，喷子永远都是喷子
2018-12-31,京东方是承担国家意志的民族企业，盈利肯定不是第一考虑的事情，至少目前还不是，投资京东方还是目光长远点的好。
2019-01-02,真实的国产替代，正是竞争关键时刻，国家应该鼓励技术创新!!虽然已经获得成功了!!但是国家更加应该保护这来之不易的成果!!给予护持!
2019-01-02,保住京东方，不然咱们的电视价格不会这么低!不能让芯片的尴尬重演!
2019-01-02,最后一蹲，浮动筹码搞的差不多了
2019-01-05,还有60多亿的融资盘呢？你说搞的差不多了？
2019-01-06,你把股价砸到2.2，别人的不敢说，我的融资盘可以给你

2019-01-06,"""防忽悠~勇士""~""韭菜根"":祝~理性中长线散户投资者~2919年~开心快乐~每"

2019-01-03,"""放平心态~用微笑面对2019""："

2019-01-03,提倡~理性投资反对~非理性盲目分析预测与以
2019-01-03,不以涨喜~不以跌悲永远做一名~开心快乐的玩股者(即~理性中长线投资者)祝2019年~理性中长线散户投资者~开心快乐~每一天！！！
2019-01-03,不以涨喜~不以跌悲永远做一名~开心快乐的玩股者(即~理性中长线投资者)祝2019年~理性中长线散户投资者~开心快乐~每一天！！！
2019-01-03,梦想与现实：五元~不是梦六元~不是梦八元~不是梦二十元~也不是梦前者的梦~可能都会实现，但~目前~还不到三元所以~我们~必须~脚踏实地~走好当下每一步~我们的未来~才可能不是梦
2019-01-04,2019年
2019-01-04,提倡~理性投资反对~非理性盲目分析预测与股吧邪恶势利~斗争到底！！！
2019-01-05,玩转~牛熊笑斗~群丑！！！
2019-01-06,

2019-01-02,股市投资~盲目做多者~最终难免一输[俏皮][俏皮][俏皮]股市投资~盲目做空者~

2019-01-04,晚间~快乐！！！
2019-01-06,

2019-01-05,"盲目分析预测:你们可以用N个马甲以""股评分析~大师~老师~专家~教授~或小散~散"

2019-01-05,
2019-01-06,睌间~快乐！！！

2019-01-06,中核集团收购同方600100

2019-01-06,黄狗与脏水

2019-01-06,骗子太可恶

2019-01-06,任何做多都是对自已和家庭的不负责任！

2018-12-23,"守仓不抛：目前~还""守仓不抛""~多么可笑的言论[大笑][大笑][大笑]反弹到高点"

2018-12-23,借势~造势(底仓闲聊~非投资建议)：所有短期
2018-12-25,盘中~快乐！！！
2018-12-25,祝
2018-12-25,午间~快乐！！！
2018-12-26,买点临近~仍需理性投资！！！
2019-01-04,周末~快乐！！！
2019-01-04,提倡~理性投资反对~非理性盲目分析预测与股吧邪恶势利~斗争到底！！！
2019-01-04,股市~下周见股吧~天天见(以
2019-01-06,股市真理：
2019-01-06,从六元多~

2019-01-06,垃圾股，降准跟你有毛线关系

2019-01-06,听说成都京东方医院也开建了，规模比合肥大。

2019-01-06,你是怎么知道的？！骗子！
2019-01-06,因为都为了京东方的股东们准备的

2019-01-06,苹果都快玩完了，京东方早晚火葬场

2019-01-06,都说屏幕企业产能过剩。为什么TCL要剥离电视终端产品，而专做屏幕了。而且财报显

2019-01-06,5元以上的本的人挺多吧？

2019-01-06,极少
2019-01-06,多数是3元多 我4.6尴尬
2019-01-06,守株待兔
2019-01-06,2.54的可以继续撸吗
2019-01-06,我6元

2019-01-06,感觉手机创新不行了，更新换代的潜力不大

2019-01-06,5G时代就不一样了，现在都是在瓶颈突破期。
2019-01-06,5G要换手机吗
2019-01-06,必须换了才能用，入网许可不一样。而且刚开始估计不会太好，不太成熟而且价格不便宜

2019-01-06,mate20完全没什么全新感觉，和我3年前几百块买的没什么区别！

2019-01-06,你是拼多多上面买的吧

2019-01-06,说起京东方，那还真是国产屏幕的骄傲，不仅打破了国外屏幕的垄断，同时还称霸全球，目

2019-01-06,托！你说你是沉锚效应变来的还是什么东西！
2019-01-06,那你说为什么京东方那么好，股票大跌呢，为什么执迷不悟做梦ne
2019-01-06,不懂可以看季报看业绩去

2019-01-06,2440底部京东方是一定要走出去的！

2019-01-05,我发现这个韭菜根精神有问题。

2019-01-05,它是疯子人渣。
2019-01-05,啊！
2019-01-06,不要互相骂来骂去好不好！真本事没有一点！

2019-01-06,显示屏行业的华为，一定会得到国家的大力扶助。

2019-01-06,奇了怪，这个韭菜根在我注册前至现在用儿份帖刷发，见人家指责又咬人，看起来这个韭菜

2019-01-06,韭菜根我看你不是在评股，应该是混过日吧！
2019-01-06,它在吐屎。
2019-01-06,它靠造乱向主子乞点狗粮度日。

2019-01-06,5年还在，8刀可期

2019-01-06,"买了京东方,慌还是不慌?"

2019-01-06,慌不择路！

2019-01-06,各位，炒个股十有八九都会亏，个人建议定投基金，最好是定投中证500，现在这个点位

2019-01-06,我到是知道这两家社保是在2.7到3元进的

2019-01-05,"""韭菜根""~以德报怨: ""韭菜根克星~先生""愿你们~早"

2019-01-05,睌间~快乐！！！
2019-01-05,
2019-01-05,事实:某些所谓的股评分析大师~确实用N个马甲从2元多~一路(上下忽悠)至6元多但这些所谓的股评分析大师~又用N个马甲从6元多~一路(上下忽悠)至2元多~也是无法改变的事实2.62元的考验性支撑~就是在(扯~)不用狡辩~有点股市经验的都应能看懂目前短期的
2019-01-05,历史~可以证明时间~可以检验市场~可以验证一切谎言~都不攻自破！！！
2019-01-06,你们曾经从2元多忽悠到6元多~又从6元多忽悠回2元多祝你们早日在从目前的2元多忽悠回6元多啊
2019-01-06,马云~佳句欣赏:

2019-01-06,"""珠海炒股人~先生"":你们曾经从2元多忽悠到6元多~又从6元多忽悠回2元多[俏皮"

2019-01-06,脸在何处

2019-01-06,这个韭菜根怎么一早又刷出很多帖，它是专业的吗？

2019-01-03,只要京东方不倒闭 不到十元不走 或许五年 或许十年 我相信总有一天能

2019-01-03,倒闭也不是不可能
2019-01-03,顶

2019-01-06,各路~小丑(人渣)~你们继续用N个马甲~表演啊[俏皮][俏皮][俏皮]晚安~88

2019-01-04,历史新高面前的历史新低(底仓闲聊~非投资建议):在历史新高面前的~历史新低(即是

2019-01-04,理性中长线投资者的言论~短线投机炒作者请忽略智商余额严重不足者~请绕道而行！！！
2019-01-04,提倡~理性投资反对非理性~盲目分析预测！！！
2019-01-04,盘中~快乐！！！
2019-01-04,2019年
2019-01-04,2019年
2019-01-04,熊市~闲聊：止跌~不是重点~起稳才是重点反弹~不是重点~反转才重点支撑~不是重点~突破才重点支撑~不是重点~能否得到有效支撑才是重点突破~不是重点~能否确认有效突破才是重点所谓的技术(或技术指标)~不是重点~心态才是重点买~不是重点~卖才是重点入市投资~不是重点~学会理性投资(与理性操作)才是重祝理性中长线散户投资者~2019年~开心快乐~每一天！！！
2019-01-04,晚间~快乐！！！
2019-01-05,您做的到吗！！！
2019-01-05,本帖~非短期趋势预测~发帖日期及时间点~纯属巧合短期趋势变化~无法准确预测~是客观事实~任何方式的短期分析预测~都是在忽悠(或叫~蒙与猜虽然发帖当日~大盘创了新低并反弹~但也只能说明
2019-01-05,本帖~非短期趋势预测~发帖日期及时间点~纯属巧合短期趋势变化~无法准确预测~是客观事实~任何方式的短期分析预测~都是在忽悠(或叫~蒙与猜虽然发帖当日~大盘创了新低并反弹~但也只能说明

2019-01-04,继续持仓，不怕外界干扰，随时有反转机会了！

2019-01-04,3块以下就是上次回购的价格，价格应该触底了，能到2.47以下可以进一点了
2019-01-04,启动了
2019-01-05,支持
2019-01-05,支持

2019-01-05,目前~牛市可能并不遥远(底仓闲聊~非投资建议):目前~慢牛行情(或~熊转牛)~随

2019-01-05,理性中长线投资者的言论投机炒作者~请忽略智商余额严重不足者~请绕道而行！！！
2019-01-05,理性中长线投资者的言论投机炒作者~请忽略智商余额严重不足者~请绕道而行！！！

2018-12-01,黄国东：给央行支支招，金融保卫战 黄国东：早在两年前我就写过文章就人民币汇率的问

2018-12-01,888
2018-12-01,
2018-12-01,
2018-12-01,
2018-12-01,
2018-12-02,
2018-12-02,
2018-12-02,
2018-12-02,
2018-12-02,
2018-12-03,
2018-12-03,
2018-12-04,
2018-12-05,
2018-12-06,
2018-12-06,
2018-12-07,
2018-12-07,
2018-12-07,
2018-12-14,
2018-12-15,
2018-12-16,
2018-12-16,
2018-12-16,
2018-12-17,
2018-12-18,
2018-12-19,
2018-12-19,
2018-12-20,
2019-01-05,

2018-12-28,指数跌了不到百分三十为什么跌百分五十以上的股票占大多数

2018-12-28,亏这么多仍然大量卖出的到底赚钱不
2019-01-05,京东方涨到3.5还是可以的。。
2019-01-05,猪年快到了，谁应是待宰的猪
2019-01-05,有妖孽盛行，平均下来就跌的多了

2019-01-05,什么时候＼(o)／！到五块啊

2019-01-05,等我割肉了，就到5元，我这反向指标灵验的很

2019-01-05,"""叔叔是高人""先生:又开始~讲故事啦[俏皮][俏皮][俏皮]还开股吧的~你们咋不"

2019-01-05,还
2019-01-05,愿你们~早日把A股骂出~大牛市来愿你们~早日把京东方A股骂出历史新高来
2019-01-05,

2019-01-05,"""韭菜根克星~先生"":本人闭着眼睛~都知道你们在上下忽悠(在用N个马甲立帖行骗)"

2019-01-05,在事实面前~任何方式的狡辩~都是徒劳的！！！
2019-01-05,让你们失望啦~
2019-01-05,又开始~讲故事啦还开股吧的~你们咋不说是开月球的！！！
2019-01-05,
2019-01-05,愿你们~早日把A股骂出~大牛市来愿你们~早日把京东方A股骂出历史新高来
2019-01-05,

2019-01-05,如果你在面试时遇到一个广院学过播音主持的毕业生，你就会发现他无论问什么问题都能对

2019-01-05,我看这就是对股市专家的最好评价；；
2019-01-05,]央行降准刺激全球市场狂欢 道指大涨逾700点

2019-01-04,面板行情不断下跌 2019开年要打价格战？

2019-01-05,这是京东方股价上不去的主要原因吗？
2019-01-05,目前京东方的业绩主要靠面板~~
2019-01-05,，半年后再回京东方
2019-01-05,售价下降成本自然也下降，，钱总是会赚的。。亏本卖不肯能
2019-01-05,售价下降成本自然也下降，，钱总是会赚的。。亏本卖不肯能

2018-12-21,最后一笔竞价40万手砸下去4分钱，什么目的呢

2018-12-21,还券，要结算
2019-01-05,]央行降准刺激全球市场狂欢 道指大涨逾700点

2019-01-05,京东方A01月04日获深股通减仓594.79万股

2019-01-05,京东方马上快到净值还能跌多少呢，真是服气啊
2019-01-05,深股通也是人，自然也是追涨杀跌。。他们不是神。

2019-01-03,明天会跌出屎来

2019-01-03,明天会涨停
2019-01-04,美国总统特朗普昨日表示，2018年12月美股出现“小故障”，但一旦美国完成与其他国家之间的贸易协议，股市应会实现反弹。
2019-01-04,美国总统特朗普昨日表示，2018年12月美股出现“小故障”，但一旦美国完成与其他国家之间的贸易协议，股市应会实现反弹。
2019-01-05,]央行降准刺激全球市场狂欢 道指大涨逾700点

2019-01-05,果然韭菜根不是人。

2019-01-05,无说人话。
2019-01-05,它是一条疯狗。
2019-01-05,真的吗？
2019-01-05,是条疯狗日夜吠。
2019-01-05,

2019-01-05,"""朋友高人""先生:""韭菜根""~只是~斗渣(人渣)勇士~而已[大笑][大笑][大笑"

2019-01-05,

2019-01-05,"""朋友高人""先生:你们又注册了~一个新马甲[俏皮][俏皮][俏皮]?难到""韭菜根"

2019-01-05,你们的行为~才是真正的~精神疾病~建议~抓紧治疗
2019-01-05,睌间~快乐！！！
2019-01-05,你们~继续啊
2019-01-05,事实胜于雄辩！！！
2019-01-05,快去找~赵本山老师~学两年~再出来得瑟吧！！！
2019-01-05,勇斗~
2019-01-05,你们的言论素质~以说明了一切别得瑟啦！！！
2019-01-05,你继续啊！！！
2019-01-05,愿所有~看客们~永远~开心快乐！！！
2019-01-05,

2019-01-05,京东方就是一只千年王八，一动不动。

2019-01-05,还是死的

2019-01-03,都是东方，看看东方通信，看看京东方心里在流血[哭]

2019-01-03,第52届CES电子展将于1月8日在美国召开但是我怎么没看到京东方参展呢
2019-01-04,你再看看当代东方，一下就心理平衡多了

2019-01-05,这个叫韭菜根是不是人？

2019-01-05,看是人，但属阴阳人，即太监。
2019-01-05,
2019-01-05,它一家十代千年当太监。

2019-01-05,这个吧怎么大部份是韭菜根重重复复帖，不理解？

2019-01-05,它是一只玩物。
2019-01-05,给人玩的吗？

2019-01-03,巴菲特不是说过吗，人人都说好时千万不能买，人人都说惨时可大胆买

2019-01-03,巴菲特到大A来试试，保证输得光屁股
2019-01-04,巴菲特靠他爸吃饭的，官二代你也信？？

2019-01-05,"拉涨停与砸跌停:如果把京东方A~""拉出涨停与砸出跌停""~需要多少资本~有人计算过"

2019-01-05,玩转~牛熊斗遍~股吧与(股市)股吧邪恶势利~斗争到底！！！
2019-01-05,玩转~牛熊笑斗~群丑！！！

2018-07-26,梦：六元~不是梦。八元~不是梦。二十元~也不是梦。前者的梦~都会实现。但~目前~

2018-07-26,88明见~祝您~守梦~成功!!!
2018-07-26,哈哈
2018-07-26,就只股票让我亏损了两三万，心疼啊！都是贪婪抄底，从5.40元开始短期会反弹，后面以为四元是底，再后来3.23元，反弹在3.60-3.80元间割肉...价值投资真的是知易行难！管住手，看好钱，2.80元再见！
2018-07-26,以梦喂马，谁为谁傻
2018-07-26,慢慢~玩吧。路还长~学会独立思考~才是立足股市之本。
2018-07-26,学会~买~易。学会~卖~难。但两个都要学~而且~要线下学习！！！
2018-07-26,心态~永远是入市的~第一要素。
2018-07-27,为~而生，为~而活，为~而守。但~不能为梦而~折腰。
2018-07-27,
2018-07-27,
2018-07-27,为了~胜利而战。
2018-07-27,为了~梦想而守候。
2018-07-27,让我们一起~并肩战斗。
2018-07-27,千年韭菜一样的割
2018-07-27,2年后必上20元！！最好是持股不动！！
2018-07-27,割老子的人~还没出生
2018-07-27,别~吹~两年后~可能早以又从二十回到了三元
2018-07-27,
2018-07-27,
2018-07-27,
2018-07-28,
2018-07-28,
2018-07-28,
2018-07-28,
2018-07-28,股市。就是少数人挣钱的地方。菜鸟最近就撤了吧、
2018-07-28,
2018-07-28,告诉你~庄家~机构~老子都不放在眼里。你算老几。想忽悠~自己开帖~去忽悠。别跟老子的帖子~瞎忽悠。
2018-07-28,告诉~老子~心正~永远赔不了。知道是老子的帖~以后别跟帖~忽悠。
2018-07-28,笑看~股吧百态，笑看~京东方!!!
2018-07-28,开开心心~玩股，坦坦荡荡~做人。

2018-07-28,我只要涨到3.86就放心了
2018-07-28,加油牛亏大了赚大了献花加油]牛亏大了赚大了献花
2018-07-28,猪崽~要排队~来跟帖呀，不累~你们就~继续。
2018-07-28,
2018-07-28,呵呵
2018-07-28,有梦~是对的，但~不能生活在梦中。我们必须面对现实，回避~现实~叫忽悠。
2018-07-29,梦
2018-07-29,为了~梦想，不忘~初心。脚踏实地~勇敢前行!!!
2018-07-29,理性~投资者~昌。
2018-07-30,111
2018-07-30,理解
2018-07-30,路还长~慢慢~玩吧。
2018-07-30,短期~股价变化~说明不了什么。
2018-07-30,闲人~闲聊:闭上眼睛~堵上耳朵。用脑子~去玩股。
2018-07-30,说梦话
2018-07-30,你是来~听梦话的吗?
2018-07-30,"别做梦啦,"
2018-07-30,有人强迫~你做梦吗?
2018-07-30,股市~看似不公平~其实最公平。想走走~想留留。不会有人~拦着你。
2018-07-30,难过
2018-07-30,没事吧你
2018-07-30,没有良好的心态~建议~远离股市，越早~越好。否则，入坑~入套~只是时间的问题。
2018-07-30,为梦而生，为梦而活，为梦而拼，总是在梦中。
2018-07-30,人在梦中~心处现实。
2018-07-30,你们~继续忽悠啊。88明见。
2018-07-31,
2018-07-31,
2018-07-31,
2018-07-31,
2018-07-31,是

2018-07-31,
2018-07-31,脚踏实地~展望未来。
2018-07-31,务实主义:就是“摸着石头过河”，就是要看清楚现实条件，把握好机遇，克服困难，找到有效的措施解决问题。当前进之后，又遇到新问题，就再根据当下的条件提出新的解决方案，逐步走向成功。
2018-07-31,只有~敢于面对现实~正视现实~才能更好的~走向成功。
2018-08-01,早安
2018-08-01,
2018-08-01,垃圾
2018-08-01,您说的是您自己是垃圾~还是~股市是垃圾?
2018-08-01,梦
2018-08-01,梦~没错。现实是缺钱您就割肉。不缺就慢慢玩吧~短期变化正常。
2018-08-01,投资~无难事，心态~数第一!!!
2018-08-01,惨烈
2018-08-01,你没事吧?多浪漫的走势。玩不起~就远离嘛
2018-08-01,
2018-08-01,
2018-08-01,看发帖日期~对应股价。但这不是预测~这只一名真正投资者(玩股者)应有的心态而已
2018-08-01,我们要走的路~还很长~短期的输赢~说明不了什么。放平心态~您就是~最后的赢家
2018-08-01,让我们起~并肩战斗~去挑战那~未知的世界
2018-08-02,早安
2018-08-02,牛
2018-08-02,急啥~牛市~迟早会来的
2018-08-02,梦
2018-08-02,不用怀疑人生~你的人生~你做主
2018-08-02,没戏了
2018-08-02,那还不快点割肉，你不割肉~它不涨
2018-08-02,笑~天下可笑之事，笑~天下可笑之人
2018-08-02,
2018-08-02,
2018-08-02,
2018-08-02,祝您~早日学会独立思考~早日立足于股市

2018-08-02,88明见
2018-08-02,你不是一个人，心累。。。
2018-08-03,独立思考则昌，人云亦云则亡
2018-08-03,
2018-08-03,
2018-08-03,
2018-08-03,晚安~明见。
2018-08-04,长期~上涨是必然~但必要把当下的事情~做好。持股待涨~也是不错的~选择~但一定要算入时间成本。支持~长期持股~但不支持~守株待兔。个人观点~观后请一笑而过。
2018-08-04,
2018-08-04,必须。
2018-08-05,大梦
2018-08-05,无梦~是空虚的，活在梦中~是悲哀的。只有~面对现实的梦想~才是真实的~可行的。
2018-08-06,永远是梦
2018-08-06,不要跟帖~发表~头脑简单~四肢发达的~言论。
2018-08-06,只能等了
2018-08-06,只能等了
2018-08-06,您不割肉啦。
2018-08-06,您是~在等新低~还是新高?还是~在等着割肉。
2018-08-07,老乡别跑
2018-08-07,您把自己~当小鬼子啦。
2018-08-07,为了胜利而战~为了梦想而守候。
2018-08-08,跌跌不休
2018-08-08,累吗?
2018-08-08,回家~奶孩子去吧~别玩股票啦。天天上下忽悠~多累心呀。
2018-08-08,
2018-08-09,拼多多
2018-08-09,讲故事~请自己去开帖~勿跟帖~瞎忽悠
2018-08-09,晚间~快乐。
2018-08-10,周末~快乐
2018-08-11,骑马~寻梦，鞭打~马儿奔。

2018-08-11,
2018-08-12,脚踏实地是梦想的~发源地。
2018-08-13,
2018-08-13,阿斗
2018-08-13,累吗?
2018-08-14,跳
2018-08-14,不忽悠~难受吧
2018-08-14,为了~胜利而战，为了~梦想而守候
2018-08-15,
2018-08-15,
2018-08-15,你快滚吧整天在这瞎逼逼有意思吗？
2018-08-15,你自己~便秘~请不愿地球引力有问题
2018-08-15,笑看~股吧百态，笑看~京东方
2018-08-15,在股吧~讲实话~必需提前打针~狂犬疫苗~预防被咬伤
2018-08-16,
2018-08-17,
2018-08-19,负多
2018-08-19,你们~每天~上下忽悠~不累呀
2018-08-19,乱伦思路！！！
2018-08-19,智商~严重不足者~请绕道而行。
2018-08-19,乱伦思路！！！智商严重高者=乱伦
2018-08-19,股市观察家1：不知脸耻的东西~你继续。
2018-08-19,笑看~股市，笑看~股吧百态，笑看~京东方！！！
2018-08-20,
2018-08-20,
2018-08-21,
2018-08-21,
2018-08-21,牛市~只会迟到~不会缺席~送守梦之人。
2018-08-21,脚踏实地~才是梦想的~起点！！！
2018-08-22,

2018-08-24,周末~快乐。
2018-08-29,
2018-08-30,
2018-09-03,
2018-09-03,
2018-09-04,脚踏实地~才是梦想的~起点！！！
2018-09-04,
2018-09-06,心握梦想~脚踏实地~挑战自我~挑战未来!!!
2018-09-06,
2018-09-07,
2018-09-07,
2018-09-07,梦想与现实的关系:无论新低还是新高~都是梦想。梦想与现实~是有差距的，我们不应生活梦想之中，更应做的是~心握梦想~脚踏实地的~走好当下每一步，梦想是未来之事，未来之事~交给市场吧，市场~才是最公正的裁判!!!
2018-09-12,心握梦想~脚踏实地~挑战自我~挑战未来!!!
2018-09-15,高举未来~谈短期操作~就是忽悠。
2018-09-15,
2018-09-22,别~吹~两年后~可能早以又从二十回到了三元
2018-09-22,菜鸟~是你们的~衣食父母。别把广大的韭菜不当回事，市场真正的主力~是广大的韭菜，任何的短期炒作~都要取得市场的认可，广大的韭菜对短期炒作不认可~你们也是白忙活。
2018-09-22,心态~永远是入市的第一要素，独立思考~永远是股市的生存之本。
2018-09-22,
2018-10-03,闲人~闲聊:梦想~必须有，现实~必须要去面对心握梦想~脚踏实地，走好当下每一步~您的未来(梦想)~不是梦！！！
2018-10-05,晚间~快乐。
2018-11-02,盘中~快乐。
2018-12-29,梦：六元~不是梦。八元~不是梦。二十元~也不是梦。前者的梦~可能都会实现。但~目前~还不到四元(原四元改为三元)所以~我们~必须~脚踏实地~走好当下每一步~我们未来~才不是梦。
2018-12-29,理性投资~是前提稳健操作~是策略心态~永远是第一要素，独立思考与独立操作~永远是股市~生存之本！！！
2018-12-29,笑看~股市笑看~牛熊笑看~股吧百态笑看~京东方A！！！
2018-12-29,睌安:
2018-12-30,双节~快乐！！！
2018-12-30,割老子的人~还没出生！！！
2018-12-31,玩转~牛熊笑傲~股市与
2018-12-31,

2019-01-03,不以涨喜~不以跌悲永远做一名~开心快乐的玩股者(即~理性中长线投资者)祝2019年~理性中长线散户投资者~开心快乐~每一天！！！
2019-01-05,梦想与现实：五元~不是梦六元~不是梦八元~不是梦二十元~也不是梦前者的梦~可能都会实现，但~目前~还不到(主帖中的四元~改为三元)所以~我们~必须~脚踏实地~走好当下每一步~我们的未来~才可能不是梦
2019-01-05,玩转~牛熊笑斗~群丑！！！

2019-01-05,还能再涨一拨吗？

2019-01-04,2019年，京东方估计是最差的股票，没业绩没亮点，5G，券商先发制人，牛市只一年

2019-01-04,1.88元估计才回归价值
2019-01-05,玩实业，打死不要券商
2019-01-05,都唱空就是要涨的时候

2019-01-02,来自2019的祝福:没有永远的牛市~更没有永远的熊市[俏皮][俏皮][俏皮]祝福

2019-01-02,2019
2019-01-02,A股~还欠我们散户一个~大牛市京东方A~还欠我们散户一个~历史新高路还长~慢慢玩吧睌安~88明见！！！
2019-01-03,睌间~快乐！！！
2019-01-05,周末~快乐！！！

2019-01-03,不以涨喜~不以跌悲[俏皮][俏皮][俏皮]永远做一名~开心快乐的玩股者(即~理性

2019-01-03,梦想与现实：五元~不是梦六元~不是梦八元~不是梦二十元~也不是梦前者的梦~可能都会实现，但~目前~还不到三元所以~我们~必须~脚踏实地~走好当下每一步~我们的未来~才可能不是梦
2019-01-03,睌间~快乐！！！
2019-01-05,周末~快乐！！！

2019-01-03,居然跌不动

2019-01-03,
2019-01-05,该涨了

2018-12-28,2.8的本，就等它爆发一轮，要求不高，三块就跑

2018-12-28,不急不急，哥哥3.5万股，6.0在站岗！
2018-12-28,二个月前到现在 哪里上过六
2018-12-28,卖了部分没加仓吧
2019-01-03,"18年1月在接近最高点买的，当时买成6.4买了2万股，2月补了点后来就一直没动了。没想到一直跌，又不会做T,T了两次T反了没想到死守到现在！"
2019-01-05,不着急

2019-01-03,还没有真正见底

2019-01-05,你的三百万出完了没？

2019-01-04,京东方A：连续6日融资净偿还累计2.28亿元（01-03）

2019-01-04,破60亿才好呢
2019-01-04,还的太少，融资额破50亿就见底了

2019-01-05,"""韭菜根克星~先生"":提前祝你们~本命年快乐[大笑][大笑][大笑]！！！"

2019-01-05,请问~你们~快乐吗！！！
2019-01-05,

2019-01-04,尼玛 昨天2.58卖2.60接 今天2.59卖2.62接 做反踢不甘心

2019-01-04,4.5的本 又回到了4.6的本
2019-01-04,两天丢400股
2019-01-04,高手
2019-01-04,六块下来 一分一分的提下来 踢亏1600快钱 不能看行情 哎
2019-01-04,你是高手……
2019-01-04,主要是成功很多次 反踢几次全回去啦 哎 习惯养成又不好改
2019-01-04,做T要看大行情，短期不看好小方大涨。兄弟，你持多少股哦。
2019-01-04,闲的蛋疼
2019-01-04,成本太高 4.6的本 16000股 为了降低90元成本 倒亏400股
2019-01-04,这股明天还会涨 涨一分钱
2019-01-04,加油！4.7踢到4.3了
2019-01-04,不踢啦 再丢几百股就变5元的本啦
2019-01-04,急个啥子，垃圾就是垃圾，会回来的
2019-01-04,我还挂单在卖呢
2019-01-04,踢的话要有比较强的技术能力，一般人不建议反复踢，看得准就踢一次，大部分时间都卧倒
2019-01-04,要卖自己卖
2019-01-04,我今天2.57跑的，结果，哎，不谈了，真T不来
2019-01-04,还是这股厉害，礼拜六都能涨
2019-01-04,你太厉害了，我2.63出了七成，今天是不接了，下周一接。。。搏大盘回调，这个京东方，只要大盘跌，它99%跟跌
2019-01-04,没办法亏太多啦 快50个点啦 怕踏空 还是不踢了 做股东吧
2019-01-04,这个股我玩了快半年了，4.04时开始介入，如果不T的话，现在都要亏死了现在2.98的本（今天T出去变成3.90了），周一再介入，争取变成2.95。。。
2019-01-04,不敢踢啦 3.35卖 3.45接 3.52卖3.80接 2.76卖2.78接 2.58卖2.60接 2.59卖2.62 这几次反踢 补仓的股全丢
2019-01-04,成功一次才半分钱。。。

2019-01-04,国家队抄底涨停

2019-01-05,必须的
2019-01-05,涨停也上不了3块，慢慢来

2019-01-05,周六休息日，韭菜根忙乱出来吠啦！

2019-01-05,早上好

2019-01-05,中国大A市场带动欧美股市全线暴涨！
2019-01-05,
2019-01-05,

2019-01-05,那么多人唱多，看来真的是要凉了…下周一估计要跌停了

2018-11-29,大盘正常回调 耐心等 有资金继续加仓 5元见

2018-11-29,大盘正常回调 耐心等 有资金继续加仓 5元见
2018-11-29,今年是不可能五元了。
2018-11-29,随大盘走没毛病 大盘正常回调 耐心等 有资金继续加仓 5元见
2018-11-29,挺有信心的
2018-11-29,今天大宗交易2.55.你怎么看
2018-12-04,好的
2018-12-05,京东方A今日筑底必成功 疯狂收集筹码 翻翻目标可期！
2018-12-05,加仓中
2018-12-05,民族科技产业 显示类国家战略 京东方A 一枝独秀 5元很简单 耐心等！
2018-12-13,评论@十年一梦15：主力的目标 磨底磨到你身心力竭 ，心理战结束 5元见！
2018-12-17,评论@十年一梦15：横盘整理的很有特点 科技股第一龙头 国之重器 随时准备触发 第一目标5元
2018-12-18,评论@十年一梦15：下午大反弹 有子弹的来吧
2018-12-22,必须的
2018-12-24,评论@十年一梦15：一阳包三阴：京东方A 主力借外盘继续震荡吸筹 随时准备突破，一阳包三阴，翻翻！
2018-12-27,评论@股友2i1hGf：拉升 循序渐进 科技股显示类龙头 翻翻可期！
2018-12-29,支持
2018-12-30,支持
2019-01-04,评论@股友2i1hGf：历史底部 科技显示类第一股 无论长期短期必有回报！
2019-01-05,支持

2018-12-26,等待发射

2018-12-26,启动
2018-12-29,支持
2018-12-30,支持
2018-12-31,耐心
2018-12-31,做梦
2019-01-01,支持
2019-01-02,支持
2019-01-02,最后一蹲，浮动筹码搞的差不多了
2019-01-02,洗盘
2019-01-02,支持
2019-01-03,支持
2019-01-03,支持
2019-01-03,支持
2019-01-04,支持
2019-01-04,评论@芯片投资2025：历史底部 科技显示类第一股 无论长期短期必有回报！
2019-01-04,支持
2019-01-04,支持
2019-01-05,支持

2018-12-26,"京东方A:关于签署投资框架协议的公告
                                            查看PDF"

2018-12-26,重大利好涨涨涨
2018-12-26,公司疯了，节奏控制一下，现在成都线还没有盈利，其他两条还在建，又来
2018-12-26,难怪今天异动了
2018-12-26,怪不得今天有异动
2018-12-26,烧钱公司
2018-12-26,拋了吧
2018-12-26,总市值还没几条线投资总额多！
2018-12-26,全世界的显示屏生产商都发抖了，这是要自杀啊
2018-12-26,显示行业一起死！
2018-12-26,明天一字板，给坚守散户一个信心
2018-12-26,又烧钱，利空，明天跌停
2018-12-26,会不会有点盲目扩张了
2018-12-26,明天4个点
2018-12-26,长期坚守
2018-12-26,明天最多涨0.02
2018-12-26,烧钱公司，利空
2018-12-26,看好未来才投钱！做大做强，唯龙头才有前途！
2018-12-26,这项目大的，属于战略决策了，牛B
2018-12-26,你说多了一倍
2018-12-26,当大部分人看空的时候，我会悄悄买一点
2018-12-26,圈地运动！随着科技的发展，如果有一天，不用屏了，那会是什么现象？
2018-12-26,有魄力。只有垄断市场，才能有定价权。
2018-12-26,疯狂！哪里去弄钱？
2018-12-26,大手笔投资、证实京东方实力和眼光。不负民众的期望争取好成绩……
2018-12-26,3块，让我回本，我绝对跑！我说今天尾盘怎么拉升了
2018-12-26,465亿难怪尾盘在拉
2018-12-26,此项目的进度控制将创京东方建线史上的奇迹。三年后其满产之日将成为京东方开始被股东尊重之时。
2018-12-26,这是慢慢地让韩国企业无路可走？
2018-12-26,去年就说了，今年刚启动
2018-12-26,福清不是有冠捷显示器生产商么？

2018-12-26,天天这里几百个亿，那里几百个亿的投资，不见公司效易增长，股价天天跌，是不是又有油水可捞了
2018-12-26,民族产业大放光彩
2018-12-26,一字板我喊你声爷爷
2018-12-26,所以低估啊
2018-12-26,没有什么好鸟
2018-12-26,明日涨停封盘了
2018-12-26,只有成为世界第一，有自主定价权，才是真正的世界第一，将来一定会成为理想中的样子，坚定看好中国名片京东方A
2018-12-26,只有真正成为全球第一，才有定价权，才是中国企业的灵魂，坚定看好中国名片
2018-12-26,自项目公司投产之日起三年内不在福州地区内引入其他TFT-LCD、AMOLED显示器件的生产制造企业。
2018-12-26,同感
2018-12-26,4个点我绝对脱坑
2018-12-26,人家就是这么牛你有什么办法
2018-12-26,反正跌就买，看好未来
2018-12-26,涨停
2018-12-26,三个涨停
2018-12-26,甲乙双方是谁？
2018-12-26,总算等到了
2018-12-26,你应该在如果前加个期限…如果不用汽车…你不买汽车相关股…如果不用飞机…那你也别买飞机相关股…如果化工被取代…你也别买化工股…再说你持股周期有这么长？
2018-12-26,我就说吃药啊！
2018-12-26,向1.5元去。3年后慢牛开始。9元梦。
2018-12-26,涨也就2分，更大可能是跌1毛
2018-12-26,大哥你想多了，是花钱前期投资而已，所有的消息都与它无关，还跌还得跌
2018-12-26,怪不得今年弱爆了，利空出尽，长远看大利好。
2018-12-26,哎，瞎咋呼个，好好看看，不要以为发个公告就能涨啊
2018-12-26,不涨我借钱去压仓
2018-12-26,国之臭狗屎，跌跌不休跌死你！
2018-12-26,从13跌到2块多，残忍地收割了无数为它融资股民的命，竟然还有这么多不死心的SB对它满怀期望！
2018-12-26,大家伙颤抖吧，京东方又要增发了！京东方只要跌到两块多，它就要上大项目，然后低价增发。
2018-12-26,1500亿授信，大手笔不断。
2018-12-26,有000979为前车之鉴，低价股基本不可能增发

2018-12-26,京东方会不会到伦敦上市呀？
2018-12-27,科技股京东方算是牛，股价暂时说明不了什么，但是专利，前途无量！5G出来先是基站，网络。然后才是终端，也就是说需要最后发力！手机屏幕是最大的一个特点，始终5g手机要出来，屏幕也是升级版！股价涨起来只是时间问题。关键是能不能拿住股票是问题！
2018-12-27,每年投入数百亿元，而且是高科技企业，高端显示，物联网，智慧医疗及数字医院，前景十分看好。市值仅八百多亿？应该是白菜价了
2018-12-27,股价还在地板上
2018-12-27,想多了啊
2018-12-27,这个问题不大
2018-12-27,可惜先开的是沪伦通
2018-12-27,开始爆发
2018-12-27,一个公告为什么发两次？求高手解答，谢谢
2018-12-27,PPP合作模式，政府投资为主
2018-12-27,京东方这是怎么了？好像越搞股价越跌。
2018-12-28,越来越看不懂了
2018-12-28,最后一蹲，浮动筹码搞的差不多了
2019-01-02,下一代5g手机商用就是oled的手机和电视，显示器。京东方这提前布局，其他企业也都是看上这块肉了。两块多拿住了就是钱，刚好遇到大熊市，天意。
2019-01-04,5g商用出来了再建线？三年建好肉都被吃了拉成屎了。现在已经和华为合作oled了，5g出来那是全球供货。就当存定期，存三年看。绝对亏不了。

2019-01-04,"股市~下周见[俏皮][俏皮][俏皮]股吧~天天见[俏皮][俏皮][俏皮](以""韭"

2019-01-04,！！！！！！！！！！！！！！！！！！！！
2019-01-04,兄弟，淡定
2019-01-04,你看
2019-01-04,笑斗~群丑！！！

2019-01-04,你真的是个怪胎啊

2019-01-04,看来韭菜根真的神经病！

2019-01-04,一个球高处落下，弹起一次比一次低，要出方向了。这股的大股东增发价2-3都有，一个

2019-01-04,一直半死不活的状态中

2019-01-04,韭菜根，算了吧，你刷来变去都是那几份帖的内容，你行为只能是欺人自欺，你懂的。原谅

2019-01-04,原谅人家没文化还在自以为是的夸夸其谈
2019-01-04,为它悲哀。
2019-01-04,一粒老鼠屎
2019-01-04,造成全吧臭！
2019-01-04,全吧臭也罢，毕竟狗年开始成天乱吠，狗不就这德性吗，猪年了，他敢吗，会被宰的
2019-01-04,支持

2019-01-04,股市~下周见[俏皮][俏皮][俏皮]股吧~天天见[俏皮][俏皮][俏皮]祝理性中

2019-01-04,京东方周一高开然后大家清仓，主力借利好要出逃，因为破了2449市场底会在2300

2019-01-04,"""韭菜根""底仓~闲聊:2019年必将成为~A股的转折之年[俏皮][俏皮][俏皮]"

2019-01-04,提倡~理性投资反对~非理性盲目分析预测与股吧邪恶势利~斗争到底！！！

2019-01-04,"""韭菜根""立帖声明:开开心心~玩股[俏皮][俏皮][俏皮]快快乐乐~投资[俏皮]"

2018-12-13,散户有个优点每月收薪剩余可补仓，选好公司吾怕跌，越跌越补，本人看好的小方技术上月

2018-12-13,勾坑走势
2018-12-13,京东方不存在技术
2018-12-14,
2018-12-14,远离没有持续经营的公司，勾坑太深要加长臂危险作业
2018-12-14,勾机搬砖来补仓
2018-12-14,哥哥唉，说普通话吧！不明白！
2018-12-14,文化有限，表白有些难！
2018-12-15,横有几长，竖有几高，一斗勾起
2018-12-16,心平气和，静心观望市场走势！
2018-12-18,还有九个交易又一年，小方今收2.7元
2018-12-19,有些散户开始失去信心了，去融资、去浮筹，谁能坚守最后？
2018-12-19,华水行情比京东方好
2018-12-19,未来可能要几年持股
2018-12-23,2019年不宜乐观，注意危机，平稳过渡
2018-12-23,华能水电是防御性股票，京东方是进功性品种，是时候增加进攻性仓位。
2018-12-24,已经加大京东方持仓
2018-12-24,金利价投对市场价值投资与价值投机，不融资操作！
2018-12-24,明白人
2018-12-24,
2018-12-24,现在个股极限打压就是采用的期货手法，散户只要不用融资，分层金子塔买入，标的企业没有重大危机，最终将战胜猪力和市场，当然融资就另当别论，那成了赌博。
2018-12-24,
2018-12-26,京东方核心竞争力福清新项目
2018-12-28,融资压盘，未转势都无机会
2018-12-29,价投对19年持悲观态度，市场供给股票数太多，实在持续经营增长公司少，吾停发股又设么么科创版，明白都知分流资金，去杠杆继续收紧，多数公司要价值回归！谨慎投资，市场风险感会加大，保持好心态
2019-01-02,白鹤仔观望
2019-01-04,巳上满车，三次背离等开车啦，拜拜！

2019-01-07,刚刚，小米入股这家上市公司！

2019-01-07,小米忽悠王
2019-01-07,山寨京东方遍地开花
2019-01-07,你是张军老师吗？

2019-01-07,5G龙头手机屏产业龙头

2019-01-07,回复熊哥“中国，加油”

2019-01-07,如果我这个贴子可以存活一天，中国还是有救的，如果不能，那就没有希望了！
2019-01-07,中国这20年的高级发展，不是那不能在此点名的组织的功劳，而是会载入史册的信息技术革命带来的，当这波技术革命浪潮过后，就会一地鸡毛。
2019-01-07,4.2参加比赛的徒弟们不知道现在怎么样了。这充分说明了股市里没有神。
2019-01-07,从90年代中期的电脑，到本世纪初的移动通信产品，以及这个过程中因前面两个因素催生的气车产业高速发展，都走到了尽头了，到现在，我们看不到有什么可预期的新东西出现。

2019-01-07,是开始 还是结束？？？

2019-01-07,今天收红的话就两根红线了，最近好像没有三天红的，今天跑明天接回

2019-01-07,你好，精准手术刀为您服务[微笑][微笑][微笑]1，可以100%断定，不会，周线M线已经底背离，双金叉，并且向上突破颈线，两大技术指标均显示：果断满仓，加杠杆满...

2019-01-07,熊市不言底，不过也不要过度的悲观，继续下跌的概率不是太大，耐心持有就是，如果能把握住机会可以适当做T降低成本

2019-01-07,大国重器已经被垃圾TCL超越2分钱[鄙视][鄙视][鄙视][好困惑][好困惑][

2019-01-06,"降准(底仓闲聊~非投资建议):降准~对""国家经济~世界经济~股市~个股(包括京东"

2019-01-06,理性中长线投资者的言论短线投机炒作者~请忽略智商余额严重不足者~请绕道而行！！！
2019-01-07,午间~快乐！！！

2019-01-03,2019A股的~转折之年[俏皮][俏皮][俏皮]2019京东方A的~锻造之年[俏

2019-01-03,不以涨喜~不以跌悲永远做一名~开心快乐的玩股者(即~理性中长线投资者)祝2019年~理性中长线散户投资者~开心快乐~每一天！！！
2019-01-03,梦想与现实：五元~不是梦六元~不是梦八元~不是梦二十元~也不是梦前者的梦~可能都会实现，但~目前~还不到三元所以~我们~必须~脚踏实地~走好当下每一步~我们的未来~才可能不是梦
2019-01-03,午间~快乐！！！
2019-01-03,睌间~快乐！！！
2019-01-04,盘中~快乐！！！
2019-01-04,2019年
2019-01-05,周末~快乐！！！

2019-01-07,东升狗

2019-01-07,潮涨潮落胜似闲庭信步

2019-01-07,今天有没有可能上2.70

2019-01-07,兄弟，应该不会，如果2.7你能解套，赶紧抛了吧，个人觉得过完年，这货还得往下
2019-01-07,2.70的本！也会亏！气死了

2019-01-06,估计星期一要高开了，希望暂时别涨，看了吴小平的文章，去年11月卖了一套房，才收到

2019-01-06,楼主放在手里3年，比存银行利息高
2019-01-06,借你吉言，猫兄！
2019-01-06,如果这股在星期一这样大好形势都不涨，意味着可能后续暴跌
2019-01-06,孞
2019-01-06,爛
2019-01-06,降准意味啥？是告诉你进股市吗？想多了、银行资金不够了。把交的准备金。分二次。15.25.二天放出来好过年。和股市没关系。股市缺钱降准不给股市。
2019-01-06,谢谢解惑，不然当真忐忑！
2019-01-07,己到底了，或基本到底，一波更比一波高，从股市回调开始到现在，底在上升，新的高度终有一天会出况。
2019-01-07,嗯嗯，拭目以待！

2019-01-07,京东方，表现最差[傲][傲][傲]

2018-12-13,"立帖致谢：以""韭菜根克星~先生""为首的~各位所谓(老师大师)的马甲们~有你们的陪"

2018-12-13,晚间~快乐！！！
2018-12-13,短期趋势(股价)变化：短期趋势(股价)变化~是用真金白银炒出来的~不是忽悠出来的无论多与空~都需要资本的支持，无论多与空~都別在吧里瞎忽悠啦~明天到盘面上去作文章吧睌安~88明见！！！
2018-12-13,理性投资~是前提，稳健操作~是步骤祝理性中长线散户投资者~夜夜有好梦~日日好心情睌安~88明见！！！
2018-12-14,不以涨喜~不以跌悲永远做一名~开心快乐的~理性中长线投资者！！！
2018-12-14,快乐投资:开开心心~玩股快快乐乐~投资让每天用N个马甲跟帖立帖
2018-12-14,脸为何物
2018-12-15,周末~快乐！！！
2018-12-15,
2018-12-15,
2018-12-15,玩转~牛熊笑傲~股市与股吧~邪恶势利~斗争到底！！！
2018-12-16,用事实~说话，反对~无理性狡辩送给以
2018-12-16,
2018-12-17,历史~可以证眀，时间~可以验证，市场~可检验一切谎言~都会不攻自破！！！
2018-12-17,
2018-12-17,盘中~快乐！！！
2018-12-17,
2018-12-17,提倡~理性投资反对~非理性盲目分析预测与股吧邪恶势利~斗争到底！！！
2018-12-18,用事实说话拒绝~无理狡辩！！！
2018-12-19,开开心心~玩股，快快乐乐~投资祝以
2018-12-19,用事实说话用N个马甲立帖
2018-12-19,脕间~快乐！！！
2018-12-20,玩转~牛熊笑傲~股市与股吧邪恶势利~斗争到底！！！
2019-01-07,
2019-01-07,你们长期用N个马甲~上下忽悠盲目分析分析盲目唱空唱多不累吗！！！
2019-01-07,事实胜于雄辩！！！

2019-01-07,000725目前这个平台2.52如果跌破了，就会直奔2.15元去了，2.15元区

2019-01-07,貌似空钩

2019-01-07,急不来的，对待看好的股票和对儿子一样，你要等它慢慢长大
2019-01-07,切支付宝的钱不用还？

2019-01-07,你这个华为概念是用来舔人家屁股的。

2019-01-07,大家都挂单玩

2019-01-07,130多万股民。谁敢来拉？？

2019-01-07,京东方真成了掉下风口的猪了

2019-01-07,大盘涨这么多，此股才涨多少？想下要是券商跑了大盘指数急下，这货绝对是断崖下降。

2019-01-07,周五可是券商疯狂发力拉的指数啊，他们都是见好就收的主，说抽身就抽身，他们卸力了大盘必崩，京东方目前是上攻无力，下跌无阻，跌起来稀里哗啦一发不可收拾，列位小心了。

2019-01-07,受不了了，早上跑了去买中航高科了[滴汗][滴汗]

2019-01-07,

2019-01-07,第6条新生产线已经成全国人民关心的话题了，我也好期待快快出大柔屏折叠手机，到时看

2019-01-07,你就不能英雄一下[拜神][拜神][拜神]

2019-01-07,京东方A估计是已经探底成功000725/在震荡几个月才能彻底反弹。现在还在震荡行

2019-01-07,在线提问 京东方的老炮都来看看

2019-01-07,猪站在风口上

2019-01-07,同志们，冲啊，节后3元以下难得在见到啦。

2019-01-07,你就再啊呜一口把上面压单给吞了吧

2019-01-07,nmb 压住棺材板

2019-01-07,再压盘等于自寻死路了

2019-01-07,量好大就是没价格

2019-01-07,69.68.67.66.65.64:压了一大堆单子[赞][赞][赞][赞]

2019-01-07,害怕技术泄露 韩国限制OLED设备出口中国

2019-01-07,垃圾！动也不动，死人一样的！

2019-01-07,这个害人股又跑输大盘

2019-01-07,一副死猪不怕开水烫的死样。[大笑]指望他跑起来不太现实[大笑]吃多撑的起不来了[

2018-12-23,今天遇到京东方上班的朋友，现在京东方的屏幕比三星差远了，新技术都是三星玩剩下的，

2018-12-23,华为用的是假屏幕？
2018-12-23,你就等着上10元再买？！
2018-12-23,眼瞎了吗，华为mate20 pro用的是谁的屏幕
2018-12-23,京东方的技术水平就赌在华为上了，不知道能否成功，
2018-12-23,有差距不可怕，奋力去追赶。中国所有的不可能都是第一。短短四十年能取得这么多成就已经了不起了
2018-12-23,是别有用心？这么乱喷有什么意义
2018-12-23,嘿嘿，楼主周一必须抛售。
2018-12-23,注册时间29天，是过来砸盘的，6.77都说好，2.7时都说差，墙头草太多，托太多。
2018-12-23,错，楼主想吸血
2018-12-23,你们还看不清事实吗，如果量产的话大盘早就飞起来了，从6.6元到现在2.6，不是公司出了问题是什么原因，一个投资1000亿多企业25年了马上盈利了，结果产能过剩，新技术跟不上
2018-12-23,我也希望大涨，因为我也买了，只是告诉大家为什么下跌的原因
2018-12-23,我4.2元的本，我现在抛傻啊，我只是想让大家知道什么原因
2018-12-23,
2018-12-23,这个价格做T是很难降本的，唯有低价加仓，说的对不。我的心情和你一样，只是没有说出来
2018-12-23,少说话，少干预
2018-12-23,你告诉我用什么加仓？
2018-12-23,耨作耨殆
2018-12-23,指望一4个国有企业搞出华为那样的成绩，不太现实，那种体制。
2018-12-23,没日本提供技术设备三星屁也生产不出来，整个韩国无一重要发明，得天时地利代工国而己。中国工业门类齐全技术积累深厚，消化再创新能力远超韩国，技术上超越韩国是铁板订钉的事，三星都用京东方面板的，京东方手机屏用三星同样的设备技术生产只能超越它。
2018-12-23,三星每年营销公关费130亿美元，也就是公关费广告费写手水军开销，你懂的，嘿嘿嘿，至于产品质量真不行，全是砸钱吹出来的
2018-12-23,京东方的员工几万人，三六九等形形色色，随便问一个工人，就能了解京东方？笑话！！我也在上市公司上班，我自己都不能全面看清楚自己的企业，一个京东方的员工就可以把京东方说清楚？
2018-12-23,已经满上了的话，只有卧倒～
2018-12-23,一个员工就能看那么准那他早就是大领导了
2018-12-23,放量下跌……
2018-12-23,显示屏不是京东方的唯一，它已经开始朝健康和物联网发展了，2块多买健康和物联网的票已经非常便宜了，到2.5加满，要砸还是要拉请随意，
2018-12-23,京东方柔性显示屏已经在给华为等好几家手机厂家供货，据报道华为Mate20采用LG的屏还出题，一部分用京东方的屏还没出问题，京东方柔性屏在重庆、成都、绵阳等都建了柔性屏生产线，有些已开始量产了
2018-12-23,京东方肯定比不过三星啊，三星是可以和苹果比的，京东方能和苹果比吗？这么一说，相信理解起来就容易的多了
2018-12-23,京东方从2.8元起每下5角加仓20%
2018-12-23,瞎说八道的家伙！你懂什么？
2018-12-23,有国家的支持，京东方不会垮掉，股价低或许是机会，向下的空间有限，向上的空间无限。

2018-12-23,造谣会罚款的
2018-12-23,不涨就当压仓石，当支持京东方打败棒子屏
2018-12-24,京东方正因为有国家托底，才不行！华为有国家支持托底吗？国企有几个好的？除非独家经营！京东方，落后的科技企业！
2018-12-24,所以现在才是买入的最佳时机，等超越三星时，投资回报50倍以上
2018-12-24,苹果不生产屏幕比毛线啊
2018-12-26,取消印花税。好。
2019-01-06,用的京东方的屏，看看OLED占有率，三星93.5%，LG5.5%，京东方1%，都不到三星的零头，三星的营收是京东方的两倍，但是盈利是京东方的7倍，没事去对比下季报
2019-01-06,你眼瞎看到京东方技术那么好股票大涨了吗
2019-01-06,真正取消印花税的时候就是股市底部了
2019-01-06,今年就要亏损了，国家补贴都补不过来
2019-01-06,股价说明问题上涨缺动力
2019-01-07,几千亿投入获得多少利润

2019-01-06,小米买入tcl股票1.5亿，接下来华为是不是也会买入京东方15个亿股票啊[大笑]

2019-01-06,臆想
2019-01-06,不会的因为京东方是国企
2019-01-07,如果京东方的屏做的得到华为认可，只是投资京东方与国企性质应该没什么关系吧
2019-01-07,梦该醒了
2019-01-07,天天看着这股揪心，只能拿梦来消遣消遣

2019-01-07,超级无敌垃圾股，宇宙第一

2019-01-07,破不破都没事

2019-01-07,尼玛 大盘好 你这么垃圾

2019-01-07,第一次留言，这股太垃圾，跌就狂泻，涨就一点点

2019-01-07,反向操作成为意识流

2019-01-07,正常情况下，绝对不会跌到2元。因为该股尚具一定潜力，主营产品具有一定的市场，后市看好。短期不宜重仓持有。

2019-01-07,中兴通讯这一年涨幅过大，已经翻倍，需要调整一段时间，起码几个月，现在底部好股票是京东方A，将会出现周线级别的上涨，有可能会启动翻倍行情，做完这一波大盘股上涨机会...

2019-01-07,5日均线向上金叉也不涨，你可以去死了

2019-01-07,凉了[不屑]

2019-01-07,这种股票真的可以去死了

2019-01-07,还不涨啊，亲爱滴京东方[献花][献花][献花][献花]

2019-01-07,垃圾呀

2019-01-07,不要错误认为，企业并购就等同于利好，市场占有率不一定就是利好，当被并购方增加财务务担，反倒是一种财务包袱…股市大多也遵循价值规律，当供大于求时，特别是熊市，许多...

2019-01-07,你马勒戈壁

2019-01-07,涨停加油！

2019-01-07,融资在卖 融券在卖 外盘卖 内盘卖？？？

2019-01-03,我想问下在合肥的人，京东方合肥医院已经开诊，开诊以后的医疗人员多吗？ 知道情况的

2019-01-03,医疗人员少，忙碌不过来，病人太多了！建设合肥医院的初衷是为京东方股东准备的！
2019-01-03,你能不能回答问题正经一些啊京东方医院应该是给京东方管理层开刀用的去年初大股东可以减持，但是不能用卑鄙的方法骗小散
2019-01-03,哈哈哈，，哭不出来的时候都被圆梦逗笑了。。不是说19年3月才开始营运吗？现在已经开业了吗？也不说一声，我应该去送个花篮去，，不，花。。。。
2019-01-03,笑一笑，心情会好些！千万别输钱又伤身体哦
2019-01-03,哈哈哈...
2019-01-03,楼主，你改名为胡一刀啰，应聘去合肥医院当主刀手，把因病入院的京东方高层麻醉注射浓些，让他们沉睡，然后多划几多，反正他们痛不了！哈哈哈
2019-01-03,说不定在偷着乐呢
2019-01-04,不用客气，就是送他们一圈花
2019-01-04,就直接叫胡十刀
2019-01-06,医院只是副业，对京东方毫无意义，只有做强做大主业才行，可惜目前还没啥起色
2019-01-07,副业做好了也顶半边天

2019-01-07,均是斗争

2019-01-07,折叠手机不远了！京东方可折叠柔性屏曝光

2019-01-07,今天大涨

2019-01-07,为啥

2019-01-07,京东方套牢的太多太多了，只能震荡下跌[傲]

2019-01-07,京东方一路下跌，套牢的资金实在惊人，等到持有京东方的投资者成本降到3元以下后才有

2019-01-07,

2019-01-03,拉个涨停 肯定破3

2019-01-03,快了
2019-01-03,耐心等 5元见
2019-01-05,必须的
2019-01-05,不会算啊
2019-01-05,我看好华为手机，所以看好京东
2019-01-07,那是肯定的

2019-01-07,京东方，看好你偷的OLED软屏

2019-01-07,老子六元多进来的 我就耗到底了 有本事退市 让我死心

2019-01-07,小米入股tcl是京东方的重大利空

2019-01-07,这个幻想力
2019-01-07,兄台，解释一下
2019-01-07,想买你就直说，这里筹码有的是啊
2019-01-07,能夠滿足華為就不錯了1
2019-01-07,京东方大盘子，小米买一样金额的多少倍也成不了前十股东

2019-01-06,2元唱空的和6元唱多的都是同一群人！

2019-01-06,2元唱空是为了买，6元唱多是为了卖。
2019-01-07,有道理

2019-01-07,京东方A(000725)融资融券信息(01-04)

2019-01-07,今天上涨是肯定的，明天呢?

2019-01-07,快乐投资:

2019-01-03,梦想与现实：五元~不是梦[俏皮][俏皮][俏皮]六元~不是梦[俏皮][俏皮][俏

2019-01-03,盘中~快乐！！！
2019-01-03,睌间~快乐！！！
2019-01-03,提倡~理性投资反对~非理性单方面
2019-01-04,2019年
2019-01-04,熊市~闲聊：止跌~不是重点~起稳才是重点反弹~不是重点~反转才重点支撑~不是重点~突破才重点支撑~不是重点~能否得到有效支撑才是重点突破~不是重点~能否确认有效突破才是重点所谓的技术(或技术指标)~不是重点~心态才是重点买~不是重点~卖才是重点入市投资~不是重点~学会理性投资(与理性操作)才是重祝理性中长线散户投资者~2019年~开心快乐~每一天！！！
2019-01-04,
2019-01-05,玩转~牛熊笑傲~股市与(股市)股吧~邪恶势利~斗争到底！！！
2019-01-05,玩转~牛熊笑斗~群丑！！！
2019-01-07,早安！！！
2019-01-07,心握~梦想脚踏~实地我们(理性中长线散户投资者)的未来~不是梦！！！
2019-01-07,大道至简悟者天成！！！

2019-01-03,京东方A(000725)融资融券信息(01-02)

2019-01-03,涨停在即
2019-01-03,这么久了还是上下浮动一分钱 心脏快停了
2019-01-03,这股涨停过？
2019-01-03,狗垃圾股票！！
2019-01-03,把融资的搞死了，这样跌下去
2019-01-04,这股起码一两年能出效果

2019-01-06,"斗""渣""~勇士~""韭菜根"":以德报怨[俏皮][俏皮][俏皮]祝各位""渣渣""201"

2019-01-06,喜欢你的评论
2019-01-07,心态~永远是入市的第一要素独立思考与独立操作~永远是股市生存之本买~永不是重点~卖才是重点祝各位看客~2019年~开心快乐~每一天！！！
2019-01-07,心态~永远是入市的第一要素独立思考与独立操作~永远是股市生存之本买~永远不是重点~卖才是重点祝各位看客~2019年~开心快乐~每一天！！！

2018-12-23,中央经济工作会议12月19日至21日在北京举行。会议确定，明年抓好七个重点。 大

2018-12-23,这个价位，做t都没意义了。守仓了
2018-12-23,A股市场经历了2018年下半年饱受“巧妇难为无米之炊”困境，2019年将是“苦尽甘来”，京东方必竞是科技行业，五项经济指标告诉我们:该票投资价值凸现，2019年定紧跟国家大趋稳步前进！
2018-12-23,支持。
2018-12-23,智能手机没有什么突破呀
2018-12-23,产品研发不是静止的。
2018-12-23,支持这样帖文，该缵
2018-12-23,
2018-12-23,要特别注意:中央经济工作会议不是“晴天响旱雷”
2018-12-23,赞你一个
2018-12-23,一休，支持你观点
2018-12-23,
2018-12-23,2019年，A股市场“欲与天公试比高”！
2018-12-23,晚安！
2018-12-23,
2018-12-24,支持。
2018-12-24,早上好！
2018-12-24,周一快乐！
2018-12-24,同乐！
2018-12-24,吉祥如意
2018-12-24,
2018-12-24,肯定不抛啦。
2018-12-24,支持。
2018-12-24,周一上午市结束，收报2.63元，漲幅1.15%，资金净流出5188万元，主力与散户资金流出平分秋色，总之，信者守仓，适当加仓。供研判。
2018-12-24,2019年我看好中国，看好股市，看好京东方！
2018-12-24,一阳包三阴：京东方A 主力借外盘继续震荡吸筹 随时准备突破，一阳包三阴，翻翻！
2018-12-24,
2018-12-24,看好大中华
2018-12-24,本吧有个骗子根。
2018-12-24,
2018-12-24,

2018-12-24,本周考验262的支撑位。
2018-12-24,宜观察。
2018-12-25,周二早快乐！
2018-12-25,千年根，谢你拥护本帖观点。
2018-12-25,给你，千年根认領吧！
2018-12-25,本帖观点不变。
2018-12-26,早上好！今天迎来无外围影响日！
2018-12-26,
2018-12-26,
2018-12-26,
2018-12-26,赞
2018-12-26,
2018-12-26,
2018-12-27,早市好！
2018-12-27,
2019-01-04,
2019-01-06,印証
2019-01-06,马应炮们，看吧！
2019-01-06,赞
2019-01-06,有远见
2019-01-06,给韭菜根狗看看。
2019-01-06,韭菜根你不知耻吗？
2019-01-06,晚安！
2019-01-07,早上好！

2019-01-06,降准不是好事！说明要打强心针了，只有要死的才打强心针

2019-01-06,肯定死了
2019-01-06,爽死的
2019-01-06,

2019-01-06,京东方盲目扩大产能，科研不够，这样很危险。

2019-01-06,说的很对，现在研究的都是三星扔的了LCD，全球第一也白搭，就是不赚钱什么用
2019-01-06,看到有人唱空真好！你不看好跑来干什么？
2019-01-06,没有BOE，你连LCD屏都要多花一倍的钱给棒子，鬼子，蛙子
2019-01-06,你算老几，京东方听你指挥，你看好三星可以去买三星啊啊啊。

2019-01-06,现在有点像当初三星研发液晶屏电视了，京东方显像管技术突飞猛进了，三星OLED占有

2019-01-06,此前，2700点我是坚定看空的一个，目前 2400多点，我认为，越接近2449点，反弹越来越近！ 短线反弹一触即发！目前越接近2449 点区域，越是机会，我的观点:逐步建仓，抵制恐慌！加仓干加仓干加仓干！
2019-01-06,还有新低，但不恐怖。
2019-01-06,还待有效确认！
2019-01-06,你在加仓的时候我就开始抛售！
2019-01-06,LCD京东方全球第一，只是玩人家剩下的 》》》》》》》》对于京东方来讲，那些不赚钱的LCD产能应该淘汰，减轻企业负担，向华为学习集中精力搞先进技术，把赚钱的产品搞上去。千万不要犯10年前某些国内公司贪便宜继续搞CRT显示器那一套，最后都搞死了自己，比如那个彩虹。眼光一定要超前，必须坚定科研是企业之本的思想。
2019-01-06,聪明人看明白了

2019-01-08,降准后，聪明资金在买这类股

2019-01-08,
2019-01-08,全是托

2018-11-28,这么多基金都在里边怕什么 底部区域 玩京东方A最佳时机 ，一个字 DENG

2018-11-29,大盘正常回调 耐心等 有资金继续加仓 5元见
2018-12-05,京东方A今日筑底必成功 疯狂收集筹码 翻翻目标可期！
2018-12-05,民族科技产业 显示类国家战略 京东方A 一枝独秀 5元很简单 耐心等！
2018-12-12,科技股第一龙头 国之重器 随时准备触发 第一目标5元！
2019-01-08,正式启动 京东方A 主力借外盘继续震荡吸筹 随时准备突破，一阳包三阴！

2019-01-08,它部基金百亿开卖么？割韭菜开启

2019-01-08,反转节奏

2019-01-08,今天能涨停吗[鼓掌][鼓掌]

2019-01-08,大涨啊它部基金百亿

2018-12-24,几分钱横盘震荡整理 横多长立多高 耐心等 翻翻不是问题！

2018-12-24,几分钱横盘震荡整理 横多长立多高 耐心等 翻翻不是问题！
2018-12-27,拉升 循序渐进 科技股显示类龙头 翻翻可期！
2019-01-02,最后一蹲，浮动筹码搞的差不多了
2019-01-08,正式启动 京东方A 主力借外盘继续震荡吸筹 随时准备突破，一阳包三阴！

2019-01-08,我就笑了

2019-01-08,垃圾TCL强势封板，大锅终弃瞬间打脸[鄙视][鄙视][鄙视][鄙视][好困惑][

2019-01-08,老乡 别走 我要卖了

2019-01-08,钱加大流出，勿追

2019-01-08,高就是高

2019-01-08,此时不走等着再跌？

2019-01-08,不打了?这破股基本都走在前头，绝对有问题

2019-01-08,cnm 2.81？

2019-01-08,走了 走了 墨迹的 拉了两拨还以为你能拉啥球样呢 吃屎的劲都涌出来了吧 2阿哥点 靠了

2019-01-08,抽风了？

2019-01-08,呦呦呦，惊了

2019-01-08,吃WG了

2019-01-08,外国人也玩吗貌似中国人操盘没这种风格呀

2019-01-08,京东方展示自主研发柔性折叠屏：手机秒变“平板”

2019-01-08,京东方展示自主研发柔性折叠屏

2019-01-08,秀啊

2019-01-08,被儿子tcl带着走了现在

2019-01-08,老大，你的小弟TCL都超过你啦，你确还在原地踏步，还不赶快往上冲

2019-01-08,你小弟涨停了

2019-01-08,京东方Ａ(000725)，发生异动，+3.00%。快来看看吧， 可别错过行情！

2019-01-08,有妖？

2019-01-08,CNM 疯了？

2019-01-08,卧槽，啥情况

2019-01-08,涨停加油！

2019-01-08,我还以为你要拉涨停，没意思

2019-01-08,妈的，刚跑[为什么][为什么][为什么][为什么][为什么]

2019-01-08,吃错药了？

2019-01-08,干死空头 逼养的大宗交易吓唬人

2019-01-08,开始表演了吗？

2019-01-08,日了狗哦了 干不过TCL就算了 还反向砸 你丫还跟大金融扑腾么

2019-01-08,TCL已经发飙，你还在打瞌睡[鄙视][鄙视][鄙视]

2019-01-08,TCL火箭发射了

2019-01-08,国内基金出货，外资准备入场，跌也没事

2019-01-08,连TCL这么垃圾的票票都涨不过，你该当何罪[无语][无语][无语][鄙视][鄙视

2019-01-08,干不过TCL你吃毛线[鄙视][鄙视][鄙视][鄙视]

2019-01-08,恶心至极的你已经被垃圾中的战斗机TCL覆盖[鄙视][鄙视][鄙视][鄙视]

2019-01-08,加加加

2019-01-08,涨不过指数，跌起来领先，畜牲

2019-01-07,这逼丫的，已经废了，怎么也不涨，明又得跌新低

2019-01-07,傻b行为

2019-01-07,盘整到位！大涨前奏！近高2.9元至3.1元！拭目以待吧！

2019-01-08,必须的
2019-01-08,醒醒

2019-01-08,今天要跌停

2019-01-08,不可能的 开盘已经可以知道收盘价了
2019-01-08,跌是肯定跌，跌停不可能

2019-01-08,跟跌不涨

2019-01-08,开盘已经知道收盘价了

2019-01-08,小散顶住

2018-12-25,盘中乐:大盘~尚未触底[俏皮][俏皮][俏皮]京东方A~先创新低[大笑][大笑]

2018-12-25,盘中~快乐！！！
2018-12-26,送给高套者：如果您是一名真实的散户高位套牢者
2019-01-07,晚间~快乐！！！
2019-01-07,布局熊市~是起点决战熊市~是路途理性投资~是前提稳健操作~是步骤！！！
2019-01-07,路还长慢慢玩吧！！！

2019-01-07,据同花顺数据中心统计，2019-01-07京东方A出现大宗交易，该笔大宗交易成交

2019-01-08,预测等于瞎猜 我才不会随意割肉

2019-01-08,这价亏钱的还卖 那就去玩小盘股。

2019-01-08,京东方A01月07日获深股通加仓245.91万股

2019-01-07,京东方只要折价交易，必定会破折价价格，所以2.47必定破

2019-01-07,18号2.45交易，破了吗？不要自己吓自己了、、

2019-01-07,韩国计划限制OLED设备出口中国，防止技术泄露 据韩国媒体报道，韩国政府正计划将

2019-01-07,中国也限制进口韩国oled产品，让国产显示行业迎来春天

2019-01-05,当代股神(大师半仙)~又出来分析预测啦[大笑][大笑][大笑]！！！

2019-01-05,早安！！！
2019-01-05,看看~会有什么~新的
2019-01-05,经常打脸，脸以不重要啦！！！
2019-01-05,股吧~免费~小品双簧~继续~上演！！！
2019-01-05,提倡~理性投资反对~非理性盲目分析预测与(股市)股吧~邪恶势利~斗争到底！！！

2019-01-07,京东方投资的时机到了，是否下手自己决定吧！

2019-01-07,无论大盘还是个股~相对底部盘整区~也是相对安全区[大笑][大笑][大笑]！！！

2019-01-07,理性投资：节前行情与节前效应~仍是短期重点别的~都是忽悠晚安~88明见！！！

2019-01-07,理性投资：节前行情与节前效应~仍是短期重[俏皮][俏皮][俏皮]别的~都是忽悠[

2019-01-07,理性投资：节前行情与节前效应~仍是短期重点别的~都是忽悠晚安~88明见！！！

2019-01-07,还有20%的跌幅

2019-01-07,2.2吧！
2019-01-07,傻叉、跌回你娘胎里吧
2019-01-07,真的假的？还能跌到2.32吗？我不想错失良机，求大神帮我分析一下多少钱买入

2019-01-07,我只想说一个字T

2019-01-07,说没用的有用吗……

2019-01-07,大家猜猜明天是回调还是继续往上攻？[鄙视][鄙视][鄙视][鄙视]

2019-01-06,"晨读""佳句""之大趋势变化:"

2019-01-06,午间~快乐！！！
2019-01-06,晚间~快乐！！！
2019-01-06,在我们散户~公认的事实~面前任何方式的狡辩等同于在~掩耳盗铃~自取其辱！！！
2019-01-06,玩转~牛熊斗遍~股吧笑傲~股市与(股市)股吧~邪恶势利~决战到~天亮！！！
2019-01-06,睌间~快乐！！！
2019-01-06,什么
2019-01-07,睌间~快乐！！！
2019-01-07,送给~读懂此帖之人！！！
2019-01-07,睌间~快乐！！！
2019-01-07,
2019-01-07,您读懂了吗！！！
2019-01-07,鸡~从六元多~叫到二元多！！！

2019-01-06,玩转~牛熊[俏皮][俏皮][俏皮]斗遍~股吧[俏皮][俏皮][俏皮]笑傲~股市[

2019-01-06,斗
2019-01-07,睌间~快乐！！！

2019-01-06,金融调控王炸，能让A股高潮吗？

2019-01-06,2018的4次降准无一利好股市，4号的A股高潮源于早盘破底反抽，午后眼看着要下来了，来了交易印花税的传闻，弄得券商板块涨停
2019-01-07,明白人，或者说只有你说了实话
2019-01-07,只是一波行情而已，指望牛市启点，还早得很呢
2019-01-07,今年预计还有3次降准，1次降息，如此这般A股岂不是嗨翻天。实体经济一团糟，才会降准，没钱消费有通缩苗头才会降息，这就是现状！

2019-01-07,看样子近期要搞的2.22！

2019-01-07,

2019-01-07,中国创见者 | 澎湃对话王东升：技术行不一定赢，技术不行一定输

2019-01-07,明天涨停哈
2019-01-07,欠投资者13个涨停!
2019-01-07,做好市值管理
2019-01-07,

2019-01-07,一直拿着打打新股

2019-01-07,病入膏肓

2019-01-07,"""韭菜根克星~先生""：""黄山""~""韭菜根""还真不熟悉[俏皮][俏皮][俏皮]但可"

2019-01-07,韭菜根的养监儿黄山小太监出来与韭菜根老太监根会合啦！

2019-01-07,珠珠海炒股人和它的马甲韭菜根克星申请吉尼斯最不要脸人

2019-01-07,收市闲聊:

2018-12-25,元旦~布局[俏皮][俏皮][俏皮]决战~春节[胜利][胜利][胜利]！！！

2018-12-25,
2018-12-25,变盘节点的~前奏变盘节点~仍需观察！！！
2019-01-07,睌间~快乐！！！

2019-01-07,外资不是菩萨，外资是收割机。切记小散朋友们。

2019-01-07,再不买一定后悔了

2019-01-07,让空头的郁闷去
2019-01-07,就这点量，呵呵，呵呵，呵呵呵
2019-01-07,呵呵
2019-01-07,买了，我就后悔了，担心下午跌。
2019-01-07,呵呵，这票还是稳妥为主，本来就是垃圾股
2019-01-07,买来打新用用可以 这股不会有很大波动的
2019-01-07,唉跑去别的地方赚点子弹再回来
2019-01-07,是的

2019-01-07,2.7以下做套踏空风险太大

2019-01-07,400手，成本3.75

2019-01-04,京东方拟建第6代柔性生产线

2019-01-04,此股已死，十年后再见
2019-01-04,死股
2019-01-04,扩张不见得是好事，股价体现一切！
2019-01-04,股价不涨，有个卵用
2019-01-04,继续持有，支持京东方A，希望你能摆脱做空者。
2019-01-04,婊子公司，建个毛线啊
2019-01-04,虽然走势垃圾但也不得不支持 没有京东方 估计国内手机价格 要在现价上贵很多很多 不支持一下 这个行业也就完蛋了 到时候国外定价几何就是多少 没得选
2019-01-04,怪胎公司！
2019-01-04,你是爱国者
2019-01-04,等涨的时候就不是死股了。
2019-01-04,无论怎么说，你也是行业领导者，这么垃圾的股价，企业没有作为吗？！
2019-01-04,把钱都搞研发了这样的公司不会关心股价的
2019-01-04,看的我都想骂街啊
2019-01-04,研发不好？
2019-01-04,雄起
2019-01-04,不看好京东方。老是跟着别人的技术跑，没出息。
2019-01-04,股价不涨就是垃圾股
2019-01-04,研发长期内股票不会涨多少。。等研发成功就不一样了
2019-01-04,让投资者没有回报的公司，是缺少良心和品德的公司，长久不了。
2019-01-04,你那怕是十八代又如何，股价说明公司的本质。
2019-01-04,
2019-01-04,A股都被你带入垃圾
2019-01-04,确实比较垃圾啊
2019-01-04,没有耐心，那就跑吧！往往都是有耐心的人赚钱，投资不是炒的，炒起来的公司大都死了，以前美的要是被这样乱炒的话，早就死了，股票价格狂飙升，然后大家都扔股票，最后公司接个烂摊子，那就没有投资价值了，这样的公司还需要散户的资金来坑死自己，死道友不死贫道，既然没耐心等厚积薄发，不等市场占据，那么拿着亏掉的苦果离开这只股
2019-01-04,把十天前的讯息拿来抄一遍有意义吗！
2019-01-07,盲目扩张

2019-01-07,京东方A01月07日资金揭秘

2019-01-07,个人目标:短期目标~节前红包[俏皮][俏皮][俏皮]中长期目标~历史新底与历史新

2019-01-07,买了要拿着，卖了就滚蛋

2019-01-07,

2019-01-07,京东方A：融资净买入4946.56万元，两市排名第12（01-04）

2019-01-07,祖国必须统一，祖国必然统一。【平潭岛】祖国第五大岛，未来的香港。（000592）平潭发展，平潭发展一骑绝尘，彰显祖国统一的信心和决心！
2019-01-07,胆子太大了，也就明天一天行情了，还融资买入
2019-01-08,面板市场 向TCL看齐 耐心等 京东方5元见！
2019-01-08,农业金融创投东方集团底

2019-01-08,哈哈，子弹打完了？？？

2019-01-08,京东方的专利数量如此之多科创板有没有一席之地？

2018-12-24,今天可以进场了

2018-12-24,头像是你本人吗？
2018-12-24,你要约么
2018-12-24,我眼没瞎……
2018-12-24,你俩搞基呢。
2018-12-24,一阳包三阴：京东方A 主力借外盘继续震荡吸筹 随时准备突破，一阳包三阴，翻翻！
2018-12-24,意淫、
2018-12-25,哥：这个买卖点用的是什么指标？
2018-12-29,支持
2019-01-08,支持

2018-12-03,今天涨停[大笑][大笑]

2018-12-03,必须的
2018-12-03,涨停先看看潍柴动力再说
2018-12-04,支持
2018-12-05,支持
2018-12-10,快了
2018-12-22,下周涨停
2018-12-24,支持
2018-12-24,支持
2018-12-24,明天吧
2018-12-25,支持
2018-12-25,耐心拿好了
2018-12-26,支持
2018-12-26,必须的
2018-12-26,支持
2018-12-27,支持
2018-12-27,支持
2018-12-29,支持
2019-01-08,支持

2019-01-08,京东方A今天不出意外会逆市起动，自由飞翔了

2019-01-08,京东方A(000725)融资融券信息(01-07)

2019-01-08,下午涨停
2019-01-08,农业金融创投东方集团底

2018-12-05,现在不加仓，会错失很多机会

2018-12-05,京东方A今日筑底必成功 疯狂收集筹码 翻翻目标可期！
2018-12-05,六元的时候 全仓的
2018-12-05,做梦
2018-12-05,今天看来能拉起来，以前遇到美股跌A股涨就认为脱钩了，可隔天再跌，那不更坑人吗？
2018-12-05,明天就吭了
2018-12-10,大胆抄底
2018-12-10,支持
2018-12-22,支持
2018-12-24,支持
2018-12-29,支持
2018-12-30,支持
2019-01-08,支持

2018-11-28,能不能来个一字涨停

2018-11-28,快了
2018-11-30,安心
2018-12-03,支持一下你
2018-12-04,支持
2018-12-10,支持
2018-12-22,下周启动
2018-12-24,快了
2018-12-24,支持
2018-12-26,支持
2018-12-29,下周
2019-01-08,支持

2018-12-19,黎明前的黑暗

2018-12-22,守株待兔
2018-12-24,支持
2018-12-24,支持
2018-12-24,支持
2018-12-26,大牛股
2018-12-29,支持
2018-12-29,支持
2018-12-30,支持
2019-01-08,主升浪启动

2019-01-08,今天吃了药

2019-01-08,各位乘客，通往幼儿园的车马上就要发车了，请没有上车的乘客抓紧时间上车！已经上车的

2019-01-08,还真是越跌越不想买，越涨越买

2019-01-08,涨也要分在哪里买不是，谁知道会跌到啥时候，涨到啥时候

2019-01-08,是因为科创板吗

2019-01-08,

2019-01-08,成功的民营企业家TCL瞄准了京东方

2019-01-08,面板市场 向TCL看齐 耐心等 京东方5元见！

2019-01-08,三星可能限制出口了，利好显示屏

2019-01-08,面板市场 向TCL看齐 耐心等 京东方5元见！

2019-01-08,万手哥快来

2019-01-08,恩，再来十几个涨停，我就能解套了

2019-01-08,当你是股东就不难受了

2019-01-08,起码还要等八个月

2019-01-08,不要被骗，就是不卖

2019-01-08,面板市场 向TCL看齐 耐心等 京东方5元见！

2019-01-08,涨停加油[胜利]

2019-01-08,李东生和王东生有啥关系呢

2019-01-08,面板市场 向TCL看齐 耐心等 京东方5元见！

2019-01-08,完了完了

2019-01-08,拉高出货

2019-01-08,靠，守不住？

2019-01-08,今天这样大的成交量，但长的不多，里面主力动作不一至

2019-01-08,昨天刚把你抛了，今天就涨了？

2019-01-08,昨天有大笔资金进的时候想跟了，后来考虑了一下就没买！
2019-01-08,所以股神不是人人能当的
2019-01-08,我也是昨天卖的
2019-01-08,正式启动 京东方A 主力借外盘继续震荡吸筹 随时准备突破，一阳包三阴！
2019-01-08,一般散户抛了 就会涨 这波看到三元

2019-01-08,这波为啥涨，啥板块都没跟，这货也没跟过啥板块。跳开大盘自己干?拉一下试试盘???

2019-01-08,卖出的好机会。主力拉高是为了什么？快！慢了就没有机会了！

2019-01-08,今天TCL打板 京东方股价都被TCL踩下去了
2019-01-08,我的本都没回，你叫我卖？不可能的，这辈子都不可能的

2019-01-08,TCL已涨停，估计不止一板，坐等京东方涨停

2019-01-02,廉价的筹码别被骗去了！

2019-01-08,支持

2019-01-08,阳十字星紧接着三连阳过年红包笑纳了

2019-01-08,厉害了流入这么一丁点就涨3个点（虽然昨天洗掉了）

2019-01-08,拉高横盘可能是出货，除非再拉高。

2019-01-08,我最近两次补仓，一次2.87，今天2.75。真的绝了[赞]

2019-01-08,都是近期高位都是补过血崩[闭嘴]，哈哈。我乃万恶之源

2019-01-02,2块95的本，咋整

2019-01-02,5.5的本 只能当股东啦
2019-01-02,sb
2019-01-02,最后一蹲，浮动筹码搞的差不多了
2019-01-02,中长线持有不当韭菜就行了，好的企业不怕跌！
2019-01-02,中长线持有不当韭菜就行了，好的企业不怕跌！
2019-01-02,有翻身机会！
2019-01-02,2.88的本
2019-01-02,作T，一直作T，降低成本，否則
2019-01-02,3.5的本路过～～～
2019-01-02,成功n次 到起飞时候踢飞啦就爽了
2019-01-02,我们都是股东了
2019-01-02,我六月份买的，4元的本
2019-01-02,我3.5都没吭声，这个垃圾的庄家
2019-01-02,我去年6月份4.04时开始介入，持续亏损，目前成本3.23，不知道今年能不能回本
2019-01-03,你認為京東方還會有起飛的時候嗎？
2019-01-03,6.6圆去年11月购入。何时回本？？？
2019-01-08,来了

2019-01-08,多狗疯狂之日~就是风险即将来临之时[大笑][大笑][大笑]！！！

2019-01-08,
2019-01-08,盘中~快乐！！！

2019-01-08,昨天的融资盘买入，今天顺利跑掉了

2019-01-08,在均价挂单了，看给不给机会吃点。

2019-01-08,你别跟我说这是高位卖套

2019-01-08,还真是 下面阴跌三天 自立此贴

2019-01-08,又是一波收割韭菜[滴汗]

2018-12-26,明天涨停

2018-12-29,必须的
2018-12-30,下周
2018-12-30,这个股票你想让他涨停很难很难，盘子太大了
2019-01-01,支持
2019-01-02,支持
2019-01-02,支持
2019-01-02,支持
2019-01-02,滚，少在这里乱叫
2019-01-03,支持
2019-01-03,今天是今天，明天是明天！！！
2019-01-03,支持
2019-01-03,支持
2019-01-04,支持
2019-01-04,支持
2019-01-04,支持
2019-01-05,支持
2019-01-05,支持
2019-01-05,支持
2019-01-06,守株待兔
2019-01-08,爆发在即

2019-01-08,目标 1.7元 时间 2019年12月。

2019-01-08,目标 1.7元 时间 2019年6月。

2019-01-07,来个涨停大家就没有废话了[大笑]

2019-01-08,必须的

2019-01-07,涨停[加油][加油][加油]

2019-01-07,明天
2019-01-07,嗯啊
2019-01-08,启动了
2019-01-08,嗯啊

2019-01-07,上三块～～～

2019-01-08,必须的

2019-01-08,起飞前奏

2019-01-08,这种感觉真好。涨一分钱，赚200块。

2019-01-08,

2019-01-08,拉高出货？[好困惑]

2019-01-08,涨停了

2019-01-08,啥时涨停过
2019-01-08,激动昏头了
2019-01-08,涨停。。。。几年了没见过

2019-01-08,主力在干嘛

2019-01-08,雄起！

2019-01-08,随你怎么涨，先到三块再说

2019-01-08,拉高出货，没什么稀奇的

2019-01-08,这是测试压力

2019-01-02,2018，A股30个看点

2019-01-08,

2019-01-08,害我2.76助你突破，又骗我

2019-01-08,今天小母牛烤火了啊，牛逼哄哄的！

2019-01-04,冲向涨停

2019-01-04,梦，枕头垫高点
2019-01-05,慢慢来
2019-01-07,支持
2019-01-07,洗一下
2019-01-07,支持
2019-01-08,支持
2019-01-08,必须的
2019-01-08,下午涨停

2019-01-08,今天刚买

2019-01-08,买了十来天了，终于上到2.7了

2019-01-08,TCL都涨停了。

2019-01-08,被打开了

2019-01-08,重返6元时代动力十足

2019-01-08,今天成交量牛逼了。

2019-01-08,跌点呀我好进场呀。

2019-01-08,现在进场也不晚

2019-01-08,来个涨停吧，振奋一下士气[鼓掌][鼓掌]

2019-01-08,主力就是缺我这点筹码[滴汗][滴汗]

2019-01-08,高位卖套就搞笑了[大笑]

2019-01-08,你是NB 还是SB

2019-01-08,一个小时量等于以前一天的量
2019-01-08,2018年是SB股 2019年是？？？

2019-01-08,很明显是拉高出货

2019-01-08,假如涨停不了都怨我，我加仓了[胜利]，

2019-01-08,京东方终于活动一下

2019-01-08,现在还在卖的，你是不是傻呀？

2019-01-08,好吧 TCL 要烂板 果断2.75走了

2019-01-08,起飞了这是

2019-01-08,10万手以上的压单都不敢冒头了？

2019-01-07,双底已成，大宗交易起不了作用了

2019-01-08,右边比左边低些
2019-01-08,
2019-01-08,

2019-01-08,再不上车没机会了

2018-11-28,2.80 京东方A 我又回来了 ，上一波赚了百分之23 这次还是看好你！

2018-11-28,2.80 京东方A 我又回来了 ，上一波赚了百分之23 这次还是看好你！目标这次百分之十五
2018-11-28,跟着大部队出发，若是启动 这波最少5元 耐心等待！
2018-11-28,及时上车吧，发动机已经预热了完成了。
2018-11-28,拉满弓 子弹全部上膛 开始狙击 目标5块人民币 冲！
2018-11-28,统一指挥 随时准备突破
2018-11-28,盘面看出主力合作的功力，上下打压控制价位 等待发令枪响起 冲刺 耐心等 这么多基金都在里边怕什么 底部区域 其他全部清仓 玩京东方A最佳时机 ，一个字 等！
2018-12-13,评论@指数一万点：主力的目标 磨底磨到你身心力竭 ，心理战结束 5元见！
2018-12-24,评论@指数一万点：一阳包三阴：京东方A 主力借外盘继续震荡吸筹 随时准备突破，一阳包三阴，翻翻！
2018-12-27,评论@指数一万点：拉升 循序渐进 科技股显示类龙头 翻翻可期！
2019-01-02,评论@指数一万点：最后一蹲，浮动筹码搞的差不多了
2019-01-02,支持
2019-01-08,评论@指数一万点：正式启动 京东方A 主力借外盘继续震荡吸筹 随时准备突破，一阳包三阴！

2019-01-08,中小板主力

2018-12-27,"公告点评：继续加码柔性OLED产线，抢占新技术制高点
                                            查看PDF"

2018-12-27,去死
2018-12-27,本来没想出的，见到这消息只能见好就收
2018-12-27,48K/月 ，就不能写得通俗易懂点吗？虽然，知道西方没有“万”这个单位！但，这个公告是发在中国啊……吐槽一下，心里舒服点
2018-12-27,恶心
2018-12-27,吃屎都没用
2018-12-27,点评你那托铁
2018-12-27,大国崛起之路需要全民支持，大国重器没有全民鼎力支持就不能超越苹果，三星？华为中国需要京东方占领创新制高点！
2018-12-27,一发研报马上跳水
2018-12-27,产能过剩了兄弟
2018-12-27,抢毛制高点啊，人家占63%的市场占有率自己没数么
2018-12-27,与西南政卷的研报多了一点柔性屏应用前瞻分析，但财务分析更粗糙一些，半斤对八量。都是昨天晚上写的今早修改后急着下午发出来的吧？遗鞋掉冒子。立意是不错，低位发也有良心，但功课做的不足仰或都不是首席头牌。当已没人相信研报并看成反向信号的时候，研报或许就真有价值了。
2018-12-27,京东方自已都不晓得今年能收几斗米，一夜就知三年收成？拍妈子写的稿吧？！
2018-12-27,年初两千多亿的市值现在剩多少心里没13数吗……话不多说产品呢产品呢兄de
2018-12-27,这些写研报的，正如街边瞎子算命的
2018-12-27,你马勒戈壁，搞搞股价不行
2018-12-27,今天京东方应该是大涨的，结果命运不济让中石化给带下来了
2019-01-08,C

2019-01-08,000725今天买进

2019-01-08,牛逼呀兄弟
2019-01-08,观察几天了，果断下手
2019-01-08,好好把着，发财致富之路
2019-01-08,必须牛
2019-01-08,估计要爆发一下下
2019-01-08,很不错！

2019-01-08,开开心心~玩股[俏皮][俏皮][俏皮]快快乐乐~投资[大笑][大笑][大笑]狡辩

2019-01-08,这个股把我坑的不行，大环境是一方面

2019-01-08,明天继续V

2019-01-08,愿赌服输，这垃圾的高看都不能看，更别说追了。有毒

2019-01-08,明天炸逼，庄是恶庄，又恶又黑

2019-01-08,还明日站上2.95没问题？你个马后炮天天的，东方通讯3号怎么清仓了 ？

2019-01-08,只有继续跌的份

2019-01-08,最后半小时，没戏赶紧出吧

2019-01-08,冲不上去，明天危险了

2019-01-08,垃圾不行，套人一绝。

2019-01-08,完全靠撤单控制盘面

2019-01-08,一单打到2块5

2019-01-08,追高小散不一般
2019-01-08,无脑散货二伯舞！
2019-01-08,祝贺你

2019-01-08,这个票只能中长线持有，短线太磨

2019-01-08,出货好时机

2019-01-08,你自己不卖叫别人卖

2019-01-08,广电获5G牌照或已“板上钉钉” 搜狐网 2018-11-28 18:10 5G时

2019-01-08,机构力挺京东方

2019-01-08,公司总市值应该不是A股市值加B股市值只和吧，应该是同股同权，总市值是800多亿吗

2019-01-08,置顶
2019-01-08,置顶
2019-01-08,置顶
2019-01-08,坐等大家的答案 谢谢

2019-01-08,垃圾，浪费表情

2019-01-08,这压单，涨是应该彻底没戏了

2019-01-08,这货不能追高，追高很容易被套

2019-01-08,下午午盘2点左右，补2成。

2019-01-08,还有半小时，在观察下看看

2019-01-08,换个地方300099精准信息！逢低布局换股、军工

2019-01-08,哎，这股已经被玩废了

2019-01-08,什么情况

2019-01-08,今日行情对标深天马A，TCL

2019-01-08,昨日的融资盘某些应该出货了
2019-01-08,昨日融资盘应该都出货了，超大净流出比3.2:3.6.明日估计开启回归之路

2019-01-08,盘子大，散户太多，所以此股无法大涨也

2019-01-08,京东方的牛鬼蛇神

2019-01-08,还有看到200多的

2019-01-08,短线玩家脑抽风了买这个票

2019-01-08,谁知道TLC烂板

2019-01-08,底部明确了，但追高没必要，低吸可以。

2018-12-28,股票一定会涨，而且会涨好多倍

2018-12-28,很多地方都争着想京东方去办显示面板厂，但国内机构却对这样高科技企业不感兴趣(股价超跌)。有意思！
2019-01-08,必须的
2019-01-08,支持

2019-01-08,都秃顶了 还压

2019-01-08,现在必须给韭菜根注入一公升痳醉剂让它安息！

2019-01-08,你好呀！一公升远远不够！
2019-01-08,哈哈哈！
2019-01-08,支持

2019-01-08,今天是机会啊别错过了！

2019-01-08,12个亿的成交。屁都看不到一下，真牛逼！！！

2019-01-08,长线好股，最后一个字，加

2019-01-08,支持
2019-01-08,套

2019-01-08,这一分钱是不是要玩一下午呀

2019-01-08,5线齐调头，起码越过3元

2019-01-07,"""韭菜根克星~先生"":""韭菜根""~永远是快乐的[俏皮][俏皮][俏皮]请问~你们"

2019-01-07,你们长期用N个马甲~上下忽悠盲目分析分析盲目唱空唱多不累吗！！！
2019-01-07,你们长期用N个马甲~上下忽悠盲目分析分析盲目唱空唱多不累吗！！！
2019-01-07,事实胜于雄辩！！！
2019-01-07,午间~快乐！！！

2019-01-08,难怪今天TCL和京东方突然上涨，原来是获奖了，国家技术进步二等奖，不错不错。

2019-01-08,这种虚的奖没什么了用
2019-01-08,不是tcl是产业转型，转行做半导体
2019-01-08,TCL涨难道不是因为小米？
2019-01-08,好样的，看来科创板稳了

2019-01-08,目测拉高出货跑了。。。

2019-01-08,据我了解，明天是补跌了吧[滴汗]

2018-12-26,轻松翻倍 投资投机两不误

2018-12-26,必须的
2019-01-08,支持
2019-01-08,拿好

2019-01-08,下次不买弱势股，买几成证券卷商强势板块，换股操作，弥补回来！

2019-01-08,又不动了

2019-01-08,还能涨吗

2019-01-08,这才涨到哪里，你让6块钱站岗的同志们情何以堪

2019-01-08,调仓换股，割京东方，T东方通信，加仓国海[拜神][拜神][献花][献花]

2019-01-08,昨天你也这么说
2019-01-08,今天资产配置，调整完毕，准备卧倒祝兄弟发财
2019-01-08,赚钱就是正确的。且行且珍惜
2019-01-08,对

2019-01-07,"""韭菜根克星~先生"":难到""韭菜根""又影响到你们~上下忽悠啦[大笑][大笑][大"

2019-01-08,决战熊市~笑斗群渣：
2019-01-08,玩转~牛熊斗遍~群渣决战~春节欢度~2019！！！

2019-01-08,2019年1月8日 周二啦！ 60秒看互联网圈内发生了什么？ --------

2019-01-08,决战熊市~笑斗群渣：

2019-01-08,午间~快乐！！！

2019-01-08,看新闻了吗，韩国拟对OLED设备出口限制，啥意思，利好利空

2019-01-08,早就看到了 利好啊
2019-01-08,不限制京东方，金东方跟棒子关系不一般，其他的企业估计就拿不到了
2019-01-08,这个是昨天的消息
2019-01-08,限OLED设备出口，对有很大OLED产能的京东方是利好
2019-01-08,TCL被小米相中，京东方会被高富帅求婚的
2019-01-08,

2018-11-06,明天必涨停！

2018-11-06,洗干净了
2018-11-08,耐心
2018-11-08,必须的
2018-11-09,坚定信心
2018-11-09,万分正确
2018-11-09,顶一下
2018-11-11,坐等
2018-11-11,你想涨停，有10亿进去看能不能，小盘几百万就可以了，谁他妈的傻
2018-11-12,尽管折腾，不卖一股
2018-11-12,强势
2018-11-12,支持一下
2018-11-12,借你吉言
2018-11-12,听到涨就高兴狂人，这是一帮傻人，如果你会炒股就得冷静，地球人都知道不可能的事，三岁小孩智商！
2018-11-12,想啥呢
2018-11-19,守株待兔
2018-11-19,S鸡还真不少
2018-11-20,支持
2018-11-26,明天复明天
2018-11-26,耐心
2018-11-28,下午爆发
2018-11-28,天天蹲
2018-11-30,支持
2018-12-03,支持
2018-12-04,支持
2018-12-05,支持
2018-12-10,支持
2018-12-10,耐心
2018-12-10,京东方在憋大招
2018-12-22,支持
2018-12-24,支持

2018-12-24,支持
2018-12-24,支持
2018-12-24,支持
2018-12-24,支持
2018-12-24,有一条赖皮皮盯上你了，要警惕
2018-12-26,支持
2018-12-26,支持
2018-12-27,必须的
2018-12-29,支持
2018-12-30,支持
2019-01-08,支持
2019-01-08,支持
2019-01-08,支持

2019-01-08,李东生力推TCL集团乾坤大挪移，投资者信心不足股价仅热闹25分钟

2019-01-08,独立上市最好。
2019-01-08,残卖资产
2019-01-08,：残卖资产：严查
2019-01-08,对
2019-01-08,要是停牌会火一下！
2019-01-08,把一个国内一流企业做成三流企业还牛逼哄哄的
2019-01-08,畜升
2019-01-09,信心不足会有95%的股东赞同？
2019-01-09,大利好消息来了！国家2019要岀台家电消费新政策了。

2019-01-09,要想上涨，必先下跌，我先撤退

2019-01-09,6.02的本只有318手了

2019-01-09,哎 我5.5的本

2019-01-09,闲人观市

2019-01-09,晒晒你的持仓
2019-01-09,投资操作~是个人行为为何要晒！！！
2019-01-09,股市投资《机会与风险论》：变盘节点(大盘)~没有决对的风险与机会~机会与风险并存！！！

2019-01-09,尼玛有病啊

2019-01-09,有孙子在压单吸货 天天这样干

2019-01-09,快涨[加油][加油][加油]

2019-01-09,融资继续出逃中

2019-01-09,成交量升这么多也不涨

2019-01-09,开了开了601975

2019-01-09,10.3万手 谁买的

2019-01-09,机构买的，京东方调整到位，将飙升了
2019-01-09,你要问谁卖了这么多

2019-01-09,强弩之末

2019-01-09,今天不突破就要向下调整了

2019-01-09,京东方涨得差不多了，应该换入平安银行。

2019-01-09,猪海出来走几步[弱]

2019-01-09,豪赌回来了
2019-01-09,兄弟，回来看看而已。
2019-01-09,早就不玩这股了

2019-01-09,谁在2.73一直出货啊。你能不能拉到2.8我好回本啊

2019-01-09,最不要脸的操盘手

2019-01-09,吃点药

2019-01-09,看来年报不怎么地

2019-01-09,大盘股拖累大盘，

2019-01-09,看看京东方B股涨的多好

2019-01-09,上午到2.85 然后你懂的（吸盘 洗筹 手法流氓）

2019-01-09,千万别拉啊。好不容易起来点

2019-01-09,汽车要屏 家电要屏 你有什么理由不涨呢

2019-01-09,转变思路

2019-01-09,我不要求多，两个点够了。人家超跌反弹，你超跌不弹的。

2019-01-09,自选股里唯一绿的

2019-01-09,操他大爷，
2019-01-09,持仓股中唯一一个绿的
2019-01-09,这庄真不要脸
2019-01-09,玩几分可以，想大涨不可能

2019-01-09,清仓东方通信，布局京东方

2019-01-09,我六块的时候 吧里天天唱多 2.7的时候 吧里都是唱空的 只能怪自己 什

2019-01-09,十万手哥今天上班迟到了

2019-01-09,主力出货，散户接盘

2019-01-09,大宗交易已经为各位小散指明了方向，买入价2.37元，避险周期6个月，所以近期庄家

2019-01-09,这是什么意思？天天向下，是王八吗？

2019-01-09,002450今天涨停

2019-01-09,小散们，使劲往里砸。砸下来好接盘呢

2019-01-09,目前大盘红盘京东方直绿，如果大盘绿了呢列位？哈哈，这会儿趁着红跑的是明智的。

2019-01-09,这斯走势像基金

2019-01-09,这垃圾，辣鸡

2019-01-09,难怪人家看不清国企！京东方就是代表作[大笑][大笑][大笑][大笑][大笑][大

2019-01-09,这什么大盘股太坑爹了吧，今天就是看准大盘会涨才买的。你就是不涨什么鬼。

2019-01-09,欢迎入坑

2019-01-09,看了一下成交量都是散户在接盘，都没有机构出手搞毛呀。

2019-01-09,先洗一波耐不住寂寞的出去

2019-01-09,风不来 浪着起呢？

2019-01-09,孙子，跌得比谁狠，涨时比谁都怂！

2019-01-09,拉倒吧，再不出来是真没机会出了吧

2019-01-09,大盘涨了，你为什么还装死啊？

2019-01-09,大盘飞了，你还是不是大盘股了，过去的谎言不想圆了?

2019-01-09,沦为指数调控的工具了。

2019-01-09,这个比货真的是一泻千里

2019-01-09,不动如山的辣鸡

2019-01-09,2019年国家科技奖提名出炉 华为、京东方等12家企业均上榜

2019-01-09,京东方A(000725)融资融券信息(01-08)

2019-01-09,抄底农业金融创新供应链东方集团底
2019-01-09,抄底农业金融创新供应链东方集团底

2019-01-08,京东方A：融资净买入3209.9万元，融资余额64.85亿元（01-07）

2019-01-08,
2019-01-09,抄底农业金融创新供应链东方集团底

2019-01-09,快吃药啊！

2019-01-09,家电板块都大涨了，你是什么东西？

2019-01-09,它就一个有人生没人养的东东，跌跌不休

2019-01-09,磨底

2019-01-09,回调就是买入时机

2019-01-09,垃圾股

2019-01-09,三星，苹果四季度利润都在下跌 京东方会增长还是下跌？

2019-01-09,下跌

2019-01-09,大盘股起来拉大盘了

2019-01-09,不知道说啥了，能上去吗

2019-01-06,底仓逛吧之~

2019-01-06,
2019-01-06,马云~佳句欣赏:
2019-01-06,早安！！！
2019-01-06,你们把自己历史~上下忽悠的帖子删掉也改变不了~你们上下忽悠的~事实！！！
2019-01-06,长期观注~京东方A(或股吧)的~不光是你们(所谓老师大师)的马甲不要~狡辩啦！！！
2019-01-06,！！！！
2019-01-06,开放帖子~是假占用网络~是假用N个马甲上下忽悠~是真！！！
2019-01-06,上下的大趋势变化~不是你们忽悠(预测)出来的！！！
2019-01-06,玩转~牛熊笑傲~股市与(股市)股吧~邪恶势利~斗争到底！！！
2019-01-06,决不~言败！！！
2019-01-06,布局~熊市决战~熊市从~防忽悠~入手！！！
2019-01-06,！！！
2019-01-06,祝各位看客~永远~开心快乐！！！
2019-01-06,周末~快乐！！！
2019-01-06,如能别人都忽悠了~也算是你们的水平但友情提示~忽悠别人的同时~别把你们自己一起忽悠啦！！！
2019-01-06,午间~快乐！！！
2019-01-06,[便便][便便][便便][便便][便便][便便][便便][便便][便便][便便][便便][便便][便便][便便][便便][便便]
2019-01-06,事实胜于雄辩！！！
2019-01-06,股市真理：
2019-01-06,晚间~快乐！！！
2019-01-06,玩转~牛熊斗遍~股吧笑傲~股市与(股市)股吧~邪恶势利~决战到~天亮！！！
2019-01-06,斗
2019-01-07,睌间~快乐！！！
2019-01-07,事实胜于雄辩！！！
2019-01-07,加油！！！！
2019-01-07,！！！！
2019-01-09,牛市~看支撑熊市~看突破但~突破不是重点~有效突才是重点行成有效突破前~每一次拉升(或突破)都有回调的风险~都有出货的嫌疑而在相对底部区域~每一次下探(或寻底)都有吸货储筹的嫌疑提倡~理性投资反对~非理性盲目分析预测祝理性中长线散户投资者~节前红包满满祝理性中长线散户投资者2019年及未来早日迎来A股慢牛行情！！！

2019-01-09,狗，套昨天2.70以上追的

2019-01-09,大家为什么拿着tcl和京东方比呢，tcl董事长李东生获得改革开放40年先锋奖，京

2019-01-09,TCL也投资屏幕了
2019-01-09,王东升们 就TMD会 高位套现

2019-01-09,6666

2019-01-09,自选股就你绿啦

2019-01-08,啥情况

2019-01-08,不懂

2019-01-09,韩国设备限制 对京东方影响有多大

2019-01-09,京东方A01月08日获深股通减仓147.59万股

2019-01-09,京东方王东升只知无限地扩张而根本不考虑股民的利益，股价跌得夠惨了!

2019-01-09,真是一帮傻缺，逆涨了一点。就明天被涨停就大涨！

2019-01-08,京东方，你好意思吗？

2019-01-08,政府投资他，是看中他的股价吗？政府扶持他是战略意义，和股价无关，去看看三星前期的打法，就知道他庞大出货量的意义啦，只有恐怖的补贴，才能让中国的屏和芯片起来，至于股价对政府毫无意义
2019-01-09,投资的铁律：大道至简，简单的才是最有效的。做这股不难，难在自律执行，最简单高效的方法就是突破高智稳线，买进持有，跌破卖出休息。机械重复，能坚持下来的基本都是赢家了。

2019-01-09,这些股，还没涨够！

2019-01-09,东升对投资人有罪！

2019-01-08,"""韭菜根克星~先生""与""珠海炒股人~先生""：你们还在N个马甲~招聘""轿夫""[俏皮"

2019-01-09,早安！！！

2019-01-09,603090宏盛股份总市值13亿，换热器市场龙头，多买少买都到了该买的时候了，随

2019-01-09,买这票的人都是些什么人？

2019-01-09,这种垃圾还有人买[大笑]

2018-11-02,大牛股就是你了，京东方A上50元不是梦

2018-11-02,是梦
2018-11-02,10块不是梦，50想多了
2018-11-02,哈哈，要超毛台，站上800
2018-11-03,但愿梦醒时分好梦过半
2018-11-03,10元也得在18年以后
2018-11-03,现在这个股价能上50我岂不是发财了
2018-11-03,坚决看好京东方
2018-11-03,明年能上的可能性也不大
2018-11-03,这个价格迟早会到的 短期看十元吧
2018-11-03,能上5元已经烧高香了
2018-11-04,50元 可能要十年二十年的
2018-11-08,耐心
2018-11-08,主升浪
2018-11-08,必须的
2018-11-09,支持
2018-11-09,轻轻松松
2018-11-09,守株待兔
2018-11-09,看下午
2018-11-09,守着
2018-11-09,人有多大胆地有多大产
2018-11-09,50太少了，起码参照巴菲特那个什么公司，以十万为单位嘛
2018-11-09,等它上50，油条都卖50一根了！
2018-11-09,
2018-11-11,耐心
2018-11-11,听涛观语
2018-11-12,发射吧
2018-11-12,先过5元 在考虑50元吧 梦想还是要有的
2018-11-12,反正已经跌惨了，那就做梦吧！
2018-11-12,瞎说明明破百没问题的
2018-11-12,

2018-11-12,下午破绿
2018-11-12,今年能上3元就不错了，还50，白日梦，进来就被套
2018-11-12,上一万元意淫
2018-11-12,我等到它成为250才出
2018-11-12,尽管折腾，不卖一股
2018-11-13,支持
2018-11-13,支持
2018-11-14,支持
2018-11-14,支持
2018-11-14,五年内20可期
2018-11-15,支撑着
2018-11-15,好梦
2018-11-16,百年大计
2018-11-19,支持
2018-11-20,安心
2018-11-26,支持
2018-11-28,农村人
2018-11-28,锁仓
2018-11-28,
2018-11-28,今天怎么回事，大家都吃伟哥了。说话也有力了。
2018-11-30,支持
2018-11-30,华为有你就是牛股
2018-12-04,支持
2018-12-05,这猫脑子被驴踢了吧
2018-12-05,支持
2018-12-10,支持
2018-12-10,支持
2018-12-10,能不能上要看茅台了
2018-12-22,支持
2018-12-24,支持

2018-12-24,支持
2018-12-24,支持
2018-12-24,支持
2018-12-24,支持
2018-12-24,恶有恶报
2018-12-25,支持
2018-12-26,支持
2018-12-26,支持
2018-12-26,支持
2018-12-29,支持
2018-12-29,支持
2018-12-29,
2019-01-08,支持
2019-01-08,支持
2019-01-08,支持
2019-01-08,支持
2019-01-08,支持
2019-01-08,梦想是完美的，现实是骨感的。到50元那就需要大家有足够的耐心和信心！

2019-01-08,京东方各头目，股价低我们不怪你们，但你们现在不回购不增持，终于让我们看穿你们的丑

2019-01-09,京东方从来不管投资人的死活，因为他是大国企，反正能贷款，地方政府愿出钱，三年投资1395亿，股票市值不到1000亿，谁给他的胆量？早就是资不抵债，亏了政府买单！利润不到三星一条毛，三星在美国上市每股1000美元以上，京东方2.71元人民币，在美国早就退市了！

2019-01-09,赶快砸下去我还没进来 不要涨

2019-01-09,傻散在接盘，又套上了吧

2019-01-09,2.75压的好狠!

2019-01-09,29万+，哈哈

2019-01-09,暂时卖了你，你可以立刻涨停了

2019-01-09,这压盘花几个亿

2019-01-09,

2019-01-09,等着翻绿

2019-01-09,明天参与砸盘，让你妹的卖，砸到1.5毛，看谁能赚

2019-01-09,dui 倒，看成交量这么大 却滞涨

2019-01-09,A股的奇葩之~

2019-01-09,事实胜于雄辩！！！
2019-01-09,午间~快乐！！！
2019-01-09,世界有多大~你们的脸就有多大不说错啦~你们的脸~比世界还大！！！
2019-01-09,《随机漫步理论》：《随机漫步理论》~
2019-01-09,大趋势：大趋势一但行成(无论上下)

2019-01-09,有猫腻

2019-01-09,5G一旦熄火，京东方就领涨

2019-01-09,这鸟 股属什么概念的？

2019-01-09,这垃圾真要完蛋了

2019-01-09,这只股谁买谁倒霉，真是很差……

2019-01-09,能捡到廉价的，谁去买高价

2019-01-09,到2.8起码要5亿资金才拉得动，恐怖

2019-01-09,快砸烂了他吧，烦死了，认赔了

2019-01-09,新财富最佳上市公司评选榜单出炉 TOP50公司脱颖而出

2019-01-09,对-倒[不赞]

2019-01-09,草泥马草泥马大垃圾

2019-01-09,早上想换士兰微赌下 犹豫啦 现在涨停 哎

2019-01-09,这个小辣鸡[傲]

2019-01-03,A股年报行情开启，挖掘绩优低估值

2019-01-04,严重同意
2019-01-07,超跌低估值000932绩优叠加重组，主营PE不足3，两市PE第一股！
2019-01-08,
2019-01-08,

2019-01-01,笑迎~2019：

2019-01-01,2018~新年是快乐的2019~新年更是快乐的理性中长线投资者~永远是快乐的不忘~熊耻心系~牛市祝理性中长线散户投资者2019年~开心快乐~每一天！！！
2019-01-01,名言解读：:“市场短期是投票器，长期是称重器”出自~格雷厄姆，也被股神巴菲特奉为名言意思是~短期趋势(股价)变化~更多的是短期炒作因素及短期炒作后根据投资者(即~投票者)情绪化操作的影响~股价每秒钟的变化都是投资者(投票者)以持有市值作为权重进行投票的结果，但股权价值(估值)长期会是称出来，该多少就是多少，不依赖于投票者的情绪的影响所以~我们不能拿中长期的
2019-01-01,闲人逛吧之~
2019-01-01,仙人逛级吧 ！
2019-01-01,新年快乐！！！
2019-01-01,2019友情提示(警钟长鸣):股市没有~活雷锋经常用N个马甲给他人
2019-01-02,股市投资~是艺术~不是科学:无论牛熊
2019-01-02,2019出自
2019-01-02,今早开盘前~
2019-01-02,防(组团)忽悠专帖警钟长鸣无需对号入座送给有心之人！！！
2019-01-03,午间~快乐！！！
2019-01-03,睌间~快乐！！！
2019-01-03,送给~读懂此帖之人！！！
2019-01-03,京东方合肥医院已经开诊但治不了百病而A股~专治各种不服京东方A~专治各种~不服而且两者~专治吹牛B~无论多与空~吹牛B时~一定要小心这可是善意的提醒呦！！！
2019-01-03,睌间~快乐！！！
2019-01-03,
2019-01-09,闲人逛吧之~
2019-01-09,股市投资~只有可能~没有决对所有短期趋势(股价)的准确分析预测~都是在(扯~)~或是在忽悠！！！
2019-01-09,《随机漫步理论》：《随机漫步理论》~

2019-01-09,收盘收绿

2019-01-09,京东方历史最高位19.9元，如果说现在到19.9元市值就高达1万亿元

2019-01-09,是13.02吧
2019-01-09,那时我股本没这么多好吧

2019-01-09,再跌一年 让我发工资补仓呀

2019-01-09,有大户在出货了

2019-01-09,这垃圾这么好的行情都不能痛痛快快涨点

2019-01-09,别人装死，你特么是真死

2019-01-09,死股，清仓，走人。

2019-01-09,今天要绿

2019-01-09,快跑！

2019-01-09,股市投资《机会与风险论》：变盘节点(大盘)~没有决对的风险与机会~机会与风险并存

2019-01-09,
2019-01-09,股市投资~只有可能~没有决对所有短期趋势(股价)的准确分析预测~都是在(扯~)~或是在忽悠！！！

2019-01-09,美帝科技第一股是苹果，中国科技第一股是谁？反正不是茅台

2019-01-09,看看骗子股乐视都比你好了很多倍！

2019-01-09,今天不站稳2.75就是流氓

2019-01-09,这股凉了吗

2019-01-09,庄是太不要脸了，不骂不舒服斯基

2019-01-09,外资加仓我就看好

2019-01-09,从哪里能看到外仓加入

2019-01-09,京东方，就你不给力。

2019-01-07,收市闲聊(非投资建议)：今日无论大盘还是京东方A~均以温和放量~后市暂时看好[俏

2019-01-08,盘中~快乐！！！
2019-01-09,盘中~快乐！！！

2019-01-05,红包行情(底仓闲聊~非投资建议):红包行情~必不可少[俏皮][俏皮][俏皮]但以

2019-01-05,节前~快乐！！！
2019-01-09,午间~快乐！！！

2019-01-09,小米1.4亿入股TCL，就叫战略了，福州200多亿入京东方叫啥？

2019-01-09,虽然高位套牢 但是京东方还是值得期待

2019-01-08,603080可以关注

2019-01-09,不行，下跌趋势线没有有效突破，有机会创新低，想要好的跟我说

2019-01-08,还是坚持我之前的观点合理价位2.3附近进场还有调整的空间

2019-01-09,估计你要等到三元才有机会进场

2019-01-09,京东方现在这个价亦然是价值洼地，减仓手中涨幅大的股，第一次在京东方上涨中加仓。

2019-01-09,不好说啊
2019-01-09,股市不是自然科学，要有差不多的思想。追求精确与极致彺彺适得其反。
2019-01-09,你说京东方上涨有什么预见性吗，利好什么的，我是没看出来
2019-01-09,买它是因为绝对估值低，调仓换股加它是因为它相对估值更低。靠搏利好买股说明根本就没有入道，当然对产业方向，企业前景预测是另一回事。

2019-01-09,都在持股观望。等菜不如先做短线。

2019-01-09,下午会涨停！！！今天爆涨五分钱！！[大笑][大笑][大笑]

2019-01-09,昨天摸了把60均线，今天压着就是不让突破60均线。难道是要几天均线打成一样的才突

2019-01-09,5.7的本还有谁？

2019-01-09,多少股啊
2019-01-09,5.55
2019-01-09,我6元本
2019-01-09,我6元本5O万股，

2019-01-09,庄太黑，天天吹，骗，天天压，是人吗？

2019-01-09,谁买这股真是玩死人

2018-10-16,闲人~笑看股市(非投资建议):抄底的声音~少了，割肉的声音~少了，价值投资的声音

2018-10-17,早安。
2018-10-17,盘中~快乐。
2018-10-17,晚间~快乐。
2018-10-17,熊市反弹与反转~个人观点(非投资建议)即非唱空也非唱多：在大趋势起稳前~所有个体看(或唱)多与空~都是在扯蛋，短期反弹~是正常的~反转(即熊转牛)仍需观察没有只涨不跌的股票~更没有只跌不涨的股票熊市操作重点~轻反弹重反转。
2018-10-22,盘中~快乐。
2018-10-22,晚间~快乐。
2018-11-16,心态~永远是入市的第一要素独立思考~永远是股市生存之本送给~尚未取得投资成功的朋友！！！
2018-11-18,周末~快乐。
2018-11-18,本帖~非短期趋势预测，发帖时间~只是巧合这只是一名理性中线投资者的观点而已。
2018-11-18,本帖~非短期趋势预测，发帖时间~只是巧合这只是一名理性中线投资者的观点而已提倡~理性投资，反对~非理性盲目分析预测。
2018-11-18,笑看~股市，笑看~股吧百态，笑看~京东方。
2018-11-18,晚安：祝中长线理性投资者~夜夜有好梦~日日好心情88明见。
2018-11-19,提倡~理性投资反对~非理性盲目分析预测。
2018-11-19,理性投资(闲人闲聊~非投资建议)：理性中长线投资者~必须学会在孤独中寻找快乐排除一切外界干扰~走好属于自己独一无二的投资之路！！！
2018-11-20,早安。
2018-11-21,底部(非投资建议):无大盘还是京东方A~没有决对的底部~只有相对的底部(即短期底部和中长期底部)。底部~是走出来的，真正的底部~是筑底完成~市场起稳后~才能确认。提前的预底~是浪费感情，客观做法应~边走边看。个人投资观点~永远不空仓~永远不满仓，永远做到~进可攻退可守~永不言败。用自己的智慧~去挑战自我~挑战未来。提倡~理性投资，理性投资~战熊迎牛~不是梦！！！
2018-11-21,提倡~理性投资反对~非理性盲目分析预测。
2018-11-27,各位经常立帖
2018-11-28,二次探底(持股闲聊~非投资建议)：熊市~是慢长且煎熬的过程(寻底~探底~磨底~筑底)~也是慢长且反复的过程，是否会行成二次探底(或再创新低)~仍是未知数，不要总想着牛市~先把熊市玩好再说，当下重点应~内外因相结合~理性思考，熊市投资~
2018-11-30,午间~快乐。
2018-12-04,股市投资方向：不要以短期趋势(或股价)变化~来决定中长期投资方向更不能以中长期发展趋势~来判断短期趋势(或股价)变化否则两者~都难免一输！！！
2018-12-04,
2018-12-04,股市投资操作~买不是重点~卖才是重点而比
2018-12-14,理性投资~是前提稳健操作~是步骤！！！
2018-12-14,用事实~说话拒绝~无理狡辩！！！
2018-12-14,理性投资~(非投建议)： 无论大盘还是京东方A~在有效突破上方压力位(即站稳)之前~短线投机不宜盲目介入相对底部区域~理性中长线散户投资者~可逢低轻仓介入(或分批建议)以市场(趋势)为前提~可波段操作降成本~待反转(非反弹)信号行成再稳步加仓理性投资~是前提，稳健操作~是步骤，祝理中长线散户投资者~开心快乐每一天(持股闲聊~观后请一笑而过)！！！
2018-12-14,不以涨喜~不以跌悲永远做一名~开心快乐的~理性中长线投资者！！！
2018-12-14,祝~理性中长线散户投资者~周末快乐！！！
2018-12-15,
2018-12-21,您自己便秘~与地球引力无关，操作失误~请多在自身找问题没有不好的股票~只有错误的操作适应~永远比抱怨更重要！！！

2018-12-21,理性投资~理智逛吧~
2018-12-21,理性投资~是前提稳健操作~是步骤！！！
2018-12-21,用事实~说活拒绝~无理狡辩！！！
2018-12-24,理性投资~是前提稳健操作~是步骤！！！
2018-12-26,大资金抄底：每一次下探~大资金都在抄底可您知道~大资金什么时候出货吗?股市投资~买永远不是重点~卖才是重点！！！
2018-12-26,目前~京东方A以第二次创了历史新低短期观注重点~抛开京东方A~多观注大盘止跌信号！！！
2018-12-26,午间~快乐！！！
2019-01-09,节前~快乐！！！

2019-01-09,京东方又要等十年

2019-01-09,太可怜了

2019-01-09,主力天天净流出状态

2019-01-09,Nm压个25万干求

2019-01-09,今天是突破不了2.75了
2019-01-09,吓唬人的

2019-01-07,君子“抱酬”十年不晚

2019-01-07,物以类聚人以群分。你查查你的｛朋友圈｝“群”里最杰出的那位是啥能耐，就知道你最大可能的份量或者最大可能的能耐。把心思多用在取长补短上，用在扪心自问上多好！钱要靠自己找！靠别人？哼哼，这年头！
2019-01-07,
2019-01-07,
2019-01-08,7日8日中美“毛衣”谈判，目前结果不明，股市估计也难明。面板决斗还将持续。京东方产品生态链还得有待时日。方向选择还得看先知先觉者。
2019-01-08,今天将前几天2.61买进的那部分｛2.75｝卖了。
2019-01-09,选股注意：1.房子｛包括家电手机｝大规模的购买已成过去，盼改善型生态型智能型｛家电手机靠5G}提振.。2.汽车大规模的购买已成过去，盼新能源智慧型车提振。3.钢铁的大规模购买力已成过去，盼基础设施性基建和功能型新品种提振。5.涉及5G 行业的产业有高成长的机遇。6.健康｛医院，医药｝消费经久不衰。
2019-01-09,在我看来选股票犹如购物，被骗只能怪你智力不够，错了只能怨自己眼拙。
2019-01-09,中国6G已在路上
2019-01-09,希望“毛衣”战结果还行并借机酝酿一轮传统的“两会前都大概率涨之行情”。

2019-01-09,所有跑慢大盘的都是耍流氓。

2019-01-09,辣鸡啊，辣鸡，浪费大好行情，日了狗了

2019-01-09,你果然是个辣鸡种的辣鸡

2019-01-09,nm深圳涨100点京东方涨一分钱[赞]

2019-01-09,家电就不包括电视吗，家用电器都在大涨

2019-01-09,前天买入 不到三个点 2.72闪人了 感觉到头了 没力气冲刺了 抄别的去了不在这耽误功夫了 过两天下来了再接回来

2019-01-09,自己看，别瞎BB

2019-01-09,这瘟鸡股 绝对又是一分钱玩一天 浪费大好行情

2019-01-09,垃圾

2019-01-09,这个庄太坏了，无语啊

2019-01-09,人家工业富联那么大的盘都起来了，就你扶不起的阿斗。

2019-01-09,有要跌回去 哎

2019-01-09,A股市场唯一的一个好股就是000926

2019-01-09,
2019-01-09,
2019-01-09,
2019-01-09,

2019-01-09,当庄最喜欢你廉价码

2019-01-09,布局~熊市[俏皮][俏皮][俏皮]决战~熊市[俏皮][俏皮][俏皮]决战~春节[

2019-01-09,理性中长线投资者的言论短线投机炒作者~忽略智商余额严重不足者~请绕道而行！！！
2019-01-09,盘中~快乐！！！

2019-01-09,几天涨的还不如一天跌的

2019-01-09,筑底期间

2019-01-08,面板市场 向TCL看齐 耐心等 京东方5元见！

2019-01-08,面板市场 向TCL看齐 耐心等 京东方5元见！
2019-01-09,整装待发 全面超越
2019-01-09,TCL+小米 和 京东方+华为+联通 不是一个级别的

2019-01-09,估值洼地

2019-01-09,十万手哥 我们小散想你了

2019-01-09,来了-下
2019-01-09,亿手哥都抬不动的渣股
2019-01-09,整装待发 全面超越
2019-01-09,那是卖单，看清楚，不是买单

2019-01-09,廉价的不出，怎么涨

2019-01-09,18年亏的，今年就靠您了，加油[献花]

2019-01-09,京东方现在是白菜价 将来是翡翠白菜。

2019-01-09,央行应该会买京东方吧！

2019-01-09,梅花生物可以买，中线持有，至少可以有50%的上涨空间，与前期的京东方A一样，业绩，政策面都没有问题，会有一波拉升。

2019-01-10,去你马勒戈壁
2019-01-11,的确好股，梅花香自苦寒来

2019-01-09,京东方A1月9日主力净流出9561万元，居两市第11

2019-01-09,明天挂2.65进
2019-01-09,天天净流出，还不如停牌。
2019-01-09,不准。。。庄家哪里会被你看出来
2019-01-09,不准。。。庄家哪里会被你看出来

2019-01-09,股票一入已空肚， 满仓杀进悔断肠。 天天看着心发慌， 踏妈臭逼京东方。

2019-01-09,入坑了。
2019-01-09,有才
2019-01-09,楞是逼出来一个诗人。
2019-01-09,我大A真是人才济济啊

2019-01-09,两天内跳空高开

2019-01-05,[献花]周六休闲再说京东方A[献花] 本人上周发帖:考验262不是笑话，本周二个

2019-01-05,本帖开放，不搞禁入。
2019-01-05,目的不占用网页。
2019-01-06,早上好！
2019-01-06,雄关漫道真如铁而今迈步从头越
2019-01-06,本人从京东方2.88元开始唱多至6元多结束……完美成功？
2019-01-06,韭菜根先生，本帖可任你点入质询，为不占用网页，本人不在帖外回复你。欢迎你点入共同讨论。仅此一次在帖内针对提名而答，下不为例。谢谢！
2019-01-06,这是铁的事实。
2019-01-06,韭菜根说从2元多到6块多，这怎么叫忽悠呢？可又说从6元多唱多，却一路下跌到2块多，这要拿旧帖子作证才行呀？不过韭菜根说的这个过程用在股市老兵很贴合，而看天象风起云涌以前忒唱多，可后来时多时空，涨跌都对。
2019-01-06,谢谢点评
2019-01-06,支持
2019-01-06,我只想把你的骨灰撒向大海。
2019-01-06,恭喜你是失败者。谢谢点评！
2019-01-06,从你家中人做起
2019-01-06,从京东方2.88元开始唱多至6元多结束，完美成功用到逍遥剑林、熊吃人更适合，后来一路下跌熊吃人操作还没法圆满。小妖精也唱多到6元多，她后来转到福田，有时来这吧里评论下，新兵老兵并没像小妖精后来掩盖自己是多是空，不过在高位唱多的现在再怎么说也无法逃避他(她)曾唱多的危害。
2019-01-06,谢谢点评
2019-01-06,
2019-01-06,此帖我喜欢
2019-01-06,韭菜根已当珠海马甲啦，他为“降准”大宣场。臭马甲韭菜根。
2019-01-06,韭菜根只能刷大量帖混过关啦
2019-01-06,支持珠海
2019-01-06,晚安！
2019-01-07,早上好！
2019-01-07,珠海真不要脸！
2019-01-07,所谓原颜无耻说的就是珠海这种人！
2019-01-07,你好马甲
2019-01-07,不要脸先生，谢你厚颜点评！
2019-01-07,此话不是你妈叫你说的吧！
2019-01-07,我的二货马甲，你好吗？
2019-01-07,臭马甲，赏你[便便][便便][便便][便便]
2019-01-07,周一收市简述:周五帖说过，京东方在内外因素推助下不会掉队落伍，今日应验了。该票今天涨幅1.14%收报2.66元。262己经过8个交易日考验，实质上已站稳上方。值得关注的是12:32分，资金反转为流入，至收市净流入资金1086万元。投资股票不宜只看一天得失，要放眼看长远，就京东方而言，坚持本年度看好不变。仅表达个人观点，不与他人争是非是，若有不同看法，恭请点入讨论。为不占用网页，帖外“高论”慨不回复。谢谢！

2019-01-07,这样评论我喜欢，也支持，起码能定指向，赞你一个
2019-01-07,支持
2019-01-07,更正:文中12:32分应更改为:14时32分。
2019-01-08,问题是：你活着就是浪费空气啊。
2019-01-08,"你已,不需要空气的安息屍。"
2019-01-08,掉地上烟头自灭。

2019-01-09,梅花生物可以买，中线持有，至少可以有50%的上涨空间，与前期的京东方A一样，业绩，政策面都没有问题，会有一波拉升。

2019-01-10,去你马勒戈壁
2019-01-11,的确好股，梅花香自苦寒来

2019-01-09,这货明天又要跌倒 2.6以下吗

2019-01-09,明天2.8以上
2019-01-09,国海证券已经涨了35%，京东方还在最底价，和紫金矿业庄一样，是傻子，没什么利好出现，估计国海证券明天涨停
2019-01-10,明天直接下2.6
2019-01-10,想多了，兄弟

2019-01-10,这科创板第一股，股价怎么能低于茅台三点水呢？

2019-01-10,京东方短期做t可以，舒服，还没有出幸福池。出来幸福池之后才是走牛的行情，现在还是

2019-01-09,京东方A1月9日主力净流出9561万元，居两市第11

2019-01-09,明天挂2.65进
2019-01-09,天天净流出，还不如停牌。
2019-01-09,不准。。。庄家哪里会被你看出来
2019-01-09,不准。。。庄家哪里会被你看出来

2019-01-09,股票一入已空肚， 满仓杀进悔断肠。 天天看着心发慌， 踏妈臭逼京东方。

2019-01-09,入坑了。
2019-01-09,有才
2019-01-09,楞是逼出来一个诗人。
2019-01-09,我大A真是人才济济啊

2019-01-09,两天内跳空高开

2019-01-09,这股盘子大，慢点儿，估计以后再往下也沒多大空间了

2019-01-09,滞涨 卖了怕一个猛子拉上去了怎么办？

2019-01-09,熊市调整心态，套利为王
2019-01-09,少卖点不就可以了
2019-01-09,放心吧，京东方现在并不具备爆发的能力，上有套牢，下有获利，偶尔一下，就早泄了！
2019-01-09,涨一分跌2分可以玩好久，卖了买其它的吧
2019-01-09,半死不活的京东方股票
2019-01-09,如果能都跟你这样想就好了，早拉升了，难道庄家会高买低卖让你来回做T
2019-01-09,"NND,连个大盘都涨不过的烂泥墙"
2019-01-09,买这垃圾 还不如银行股 浪费大好行情
2019-01-09,自选股里最垃圾的，涨不动的

2019-01-09,可喜可贺，今日内线《天成自控603085》成功喜获涨停板，直播有分享的，通产丽星

2019-01-09,马后炮
2019-01-09,何为马后炮？等你跟上了就不会这样说了
2019-01-09,无论你是否操作上，至少我分享了，兄弟姐妹们，点赞支持
2019-01-09,来来来
2019-01-09,怎么加你
2019-01-09,你先去看看七号发的拉升，上涨这篇文章，谢谢
2019-01-09,厉害，
2019-01-09,支持，雄鹰就是厉害
2019-01-09,点赞
2019-01-09,牛
2019-01-09,顶
2019-01-09,支持老师
2019-01-09,已赞
2019-01-09,
2019-01-09,不多说，已赞
2019-01-09,
2019-01-09,顶
2019-01-09,一个字，牛
2019-01-09,涨停板后公布
2019-01-09,你可以看文章涨停前的

2019-01-03,大家给我算下 股东人数140万，平均每个股东投入10万，平均价在4元，平均浮亏百

2019-01-03,大部分是2 3元 就我，5.5站再山顶等你们
2019-01-03,我也是5.5
2019-01-03,4元等你们
2019-01-04,3.5--4元的筹码最集中，高位6元附近都有
2019-01-04,就算2014年增发的原始股东算上时间成本加上地方的优惠条件也应在四元左右。
2019-01-05,840亿吧
2019-01-09,现在流通市值910亿

2019-01-09,牛市~看支撑[俏皮][俏皮][俏皮]熊市~看突破[俏皮][俏皮][俏皮]但~突破

2019-01-09,
2019-01-09,理性中长线投资者的言论短线投机炒作者~忽略智商余额严重不足者~请绕道而行！！！
2019-01-09,闲人闲聊送给~读懂此帖之人！！！
2019-01-09,盘中乐~理性看盘~理智发言：大盘寻求突破~即为变盘节点突破不是重点~行成有效突破才是重点行成有效突破~开启节前红包行情反之~回调~情理之中(个人观点~观后请一笑而过)！！！
2019-01-09,《随机漫步理论》：《随机漫步理论》~
2019-01-09,大趋势：大趋势一但行成(无论上下)
2019-01-09,理性投资：对于理性中长线散户投资者~钱不是一天赚的对于理性中长线散户投资者~放平心态~钱是可以经常赚的(或者说钱是可以天天赚的)把心态放平~路还长，短期趋势(股价)变化~说明不了什么未来A股再度走牛~是必须京东方A~在创历史新高~也是必然投资之路~是慢长且坎坷的~放平心态~慢慢玩吧祝我们~理性中长线散户投资者2019年~开心快乐~每一天祝我们~理性中长线散户投资者2019年及未来~早日迎来A股~慢牛行情！！！
2019-01-09,历史~可以证明时间~可以检验市场~可以验证一切谎言~都会不攻自破马甲再多~在事实面~无理狡辩~都是徒劳的！！！
2019-01-09,
2019-01-09,

2019-01-09,笑战~熊市[俏皮][俏皮][俏皮]闲逛~股吧[俏皮][俏皮][俏皮]：

2019-01-09,滚尼玛币吧，你都不知道别人见了你多恶心吗？天天在这里啰比啰嗦，你算什么东西？
2019-01-09,在事实面前~跟帖立帖~无理狡辩~是多么的苍白无力跪安吧！！！
2019-01-09,在事实面前~跟帖立帖~无理狡辩~是多么的苍白无力跪安吧！！！
2019-01-09,历史~可以证明时间~可以检验市场~可以验证一切谎言~都会不攻自破马甲再多~在事实面~无理狡辩~都是徒劳的！！！
2019-01-09,晚间~快乐！！！
2019-01-09,提倡~理性投资反对~非理性盲目分析预测与(股市)股吧~邪恶势利~决战到天亮！！！
2019-01-09,睌安~：

2018-12-25,黄国东:红包行情那些板块受益？？？？？？？？？？？？？？？？？？？？？？？？？？

2018-12-25,
2018-12-25,
2018-12-25,
2018-12-26,
2018-12-27,
2018-12-27,
2018-12-28,
2018-12-29,标普、富时等
2019-01-04,军工，券商
2019-01-04,
2019-01-09,
2019-01-09,8888

2019-01-09,"2,8元以下拼命买，除非它退市"

2019-01-09,成本3.8以上的还有吗？

2019-01-09,我4.36
2019-01-09,6.5元的本，做了5次T，有一次做高了3分，现在5.2元，31900股，现在不敢动
2019-01-09,yess
2019-01-09,3.8
2019-01-09,有
2019-01-09,112
2019-01-09,很多
2019-01-09,T到0.874了，只留了2000股底仓
2019-01-09,你成本0.874?
2019-01-09,股灾伊始，没有T过，从5.4加仓，一直加到3.7。每个月用工资买个10-15手，反正放银行也没有多少利息，就当攒钱了。等一月份工资发了再买点，这次能到3.65了。倒霉。别耽误下半年付首付买房子就谢天谢地。
2019-01-09,看来 4元以上的本都很难见到啦
2019-01-09,6块
2019-01-09,

2019-01-09,睌安~：

2019-01-09,都来看看这几堆[便便][便便][便便]

2019-01-09,终于把京东方这堆国之臭[便便]处理了，说不出来的的轻松！
2019-01-09,这样还是销户吧

2018-12-19,这个韭菜是个精神病

2018-12-19,
2018-12-19,
2018-12-19,支持。
2018-12-19,
2018-12-19,
2018-12-19,正确
2018-12-19,
2018-12-23,
2018-12-23,它快死了
2018-12-23,
2018-12-23,是个杂种
2018-12-23,真的很少见这种邪人，都不知他为了什么？
2018-12-23,其实也没啥，不喜不看就行了。言论自由嘛
2018-12-25,
2019-01-01,怀疑是被京东方整疯的
2019-01-03,韭菜根病很严重。
2019-01-09,它病很严重。
2019-01-09,其实韭菜根对股票很有研究的，

2019-01-08,"""韭菜根""~亮明个人观点[俏皮][俏皮][俏皮]无需他人认可[俏皮][俏皮][俏"

2019-01-08,股神：无论股市还是股吧~股神都是谣传勿把~跳梁小丑~当神仙！！！
2019-01-09,理性中长线投资者的言论短线投机炒作者~忽略智商余额严重不足者~请绕道而行！！！
2019-01-09,
2019-01-09,睌间~快乐！！！

2019-01-09,股市投资~只有可能~没有决对[俏皮][俏皮][俏皮]所有短期趋势(股价)的准确分

2019-01-09,《随机漫步理论》：《随机漫步理论》~
2019-01-09,历史~可以证明时间~可以检验市场~可以验证一切谎言~都会不攻自破马甲再多~在事实面~无理狡辩~都是徒劳的！！！
2019-01-09,

2018-12-19,没人拿你当哑巴！一天还发9条！生活中就没觉得有人嫌弃你太贫吗？不要拿不要脸的嘻嘻

2018-12-29,支持
2019-01-09,韭菜根的下贱行为。

2019-01-08,"""大渔戏水~先生""：17年起动至今~我们在吧里一起玩耍~你们快乐吗[俏皮][俏皮"

2019-01-08,股神：无论股市还是股吧~股神都是谣传勿把~跳梁小丑~当神仙！！！
2019-01-08,股吧霸屏定义：
2019-01-08,布局~熊市决战~熊市与股吧~邪恶势利~决战~到天亮！！！
2019-01-08,布局~熊市决战~熊市与股吧~邪恶势利~决战~到天亮！！！
2019-01-08,！！！！！
2019-01-08,！！！！
2019-01-08,冒充高人的小丑~也出来啦！！！
2019-01-08,历史~可证明时间~可检验市场~可验证一切谎言~都会不攻自破！！！
2019-01-08,盘中~快乐！！！
2019-01-08,涨与跌~你们说了不算别瞎忽悠啦！！！
2019-01-08,先去投诉~你们自己吧！！！
2019-01-08,
2019-01-08,
2019-01-08,多狗疯狂之日~就是短期风险即将来临之时！！！
2019-01-08,盘中~快乐！！！
2019-01-09,
2019-01-09,祝各位看客~睌间快乐！！！
2019-01-09,看看给你顶帖的

2019-01-07,3.59元以下拼命买000725[傲]

2019-01-08,
2019-01-08,
2019-01-08,

2019-01-09,理性观市：今日大盘~虽站上均线[俏皮][俏皮][俏皮]但仍又留下缺口[俏皮][俏

2019-01-09,理性中长线投资者的言论短线投机炒作者~忽略智商余额严重不足者~请绕道而行！！！

2019-01-09,"""韭菜根""~不是不是""分析大师""~""韭菜根""~只是 ""战神""~只是""斗神""：决战"

2019-01-09,我写的发帖怎会看不到，难道写了这公司名就看不到

2019-01-09,我就想问问，为啥每天关注人这么多，交易额也这么大

2019-01-09,京东方A这一年来流出金额大，股民的户数就创新高，只有增加没减少，真系惨

2019-01-09,两个屏霸。一个是千年臭菜根，像个阿Q，整天疯话连篇，自恃清高，自言自语，“NO，

2019-01-09,每天一个举报啊，我就这么干
2019-01-09,点评高人，一语中的
2019-01-09,百分百的托+婊
2019-01-09,那是俩煞笔，都不知道别人看见他们有多恶心！
2019-01-09,举报没用的，这跟东网已经打过招呼了
2019-01-09,都知道这两个唱多的傻逼
2019-01-09,两个股吧大恶心

2019-01-09,2.69接回来了 应该不会被套了吧

2019-01-09,套定了，京东方现在起不来
2019-01-09,周五，再接
2019-01-09,套了
2019-01-09,套了妈的大盘这么好都不涨。大盘不好你想都不用想了。
2019-01-09,买套
2019-01-09,2.66随便买
2019-01-09,最多每股赔6毛，不怕。

2018-12-16,"""韭菜根克星~先生"":""韭菜根""所有历史言论(所谓的老帖)~都是在""有理有据""的"

2018-12-16,
2018-12-16,
2018-12-16,事实胜于雄辩！！！
2018-12-16,用事实~说话，反对~无理性狡辩送给以
2018-12-16,玩转~牛熊笑傲~股市与股吧~邪恶势利~斗争到底！！！
2018-12-16,
2018-12-16,决战~熊市笑斗~群丑！！！
2018-12-16,决战~熊市笑斗~群丑！！！
2018-12-16,让~群丑~无处藏身！！！
2018-12-16,
2018-12-16,在事实面前~一切谎言都会不攻自破在事实面前~任何方式的狡辩都是徒劳的！！！
2018-12-16,友情提示呦~否则你们就是在害人害己！！！
2018-12-16,心态~永远是入市的第一要素，独立思考~永远是股市生存之本祝理性中长线散户投资者~开心快乐每一天！！！
2018-12-17,
2018-12-17,股吧本是~股民休闲之地，股吧~本是股民畅聊之地目前被邪恶势利~用N个马甲强行霸屏，望股吧管理者~早日采取相应措施~制止这种不道德的行为！！！
2018-12-17,
2018-12-17,
2018-12-17,历史~可以证眀，时间~可以验证，市场~可检验一切谎言~都会不攻自破！！！
2018-12-17,
2018-12-17,
2018-12-17,提倡~理性投资反对~非理性盲目分析预测与邪恶势利~斗争到底！！！
2018-12-17,
2018-12-18,早安！！！
2018-12-18,事实胜于雄辩！！！
2018-12-18,早安！！！
2018-12-18,股市投资~无论牛熊~
2018-12-18,开开心心~玩股，快快乐乐~投资祝以
2018-12-18,股市投资~本应是快乐的不自寻烦恼~回归快乐吧！！！
2018-12-18,盘中~快乐！！！
2018-12-18,股吧本是~股民休闲之地，股吧~本是股民畅聊之地目前被邪恶势利~用N个马甲强行霸屏，望股吧管理者~早日采取相应措施~制止这种不道德的行为！！！

2018-12-18,
2018-12-18,事实胜于雄辩
2018-12-18,股民公认的~事实:
2018-12-18,用事实说话拒绝~无理狡辩！！！
2018-12-18,睌间~快乐！！！
2018-12-18,睌间~快乐！！！
2018-12-18,历史~可以证眀，时间~可以验证，市场~可检验一切谎言~都会不攻自破！！！
2018-12-18,
2018-12-18,事实胜于雄辩！！！
2018-12-18,玩转~牛熊笑傲~股市与股吧~邪恶势利~斗争到底！！！
2018-12-18,A股里的~世界首富：如果您每天都可以把短期趋势(无论大盘还是个股或是京东方A)变化~预测(或蒙与猜)对~您不只是股神~您早以成为世界首富多休息~少忽悠吧睌安~88明见！！！
2018-12-19,
2018-12-19,玩转~牛熊笑傲~股市与股吧~邪恶势利~斗争到底！！！
2018-12-19,盘中~快乐！！！
2018-12-19,用事实说话拒绝~无理狡辩！！！
2018-12-19,用事实说话拒绝~无理狡辩！！！
2018-12-19,
2018-12-19,
2018-12-19,用事实说话拒绝~无理狡辩！！！
2018-12-19,股价~是风，股价~是云，股价~是雨变化的~是短期股价，不变的~是理性中长线投者的心态祝理性中长线散户投资者~晚间快乐！！！
2018-12-19,开开心心~玩股快快乐乐~投资您快乐吗?
2018-12-19,股市投资~常识：短期趋势(股价)变化无法准确预测~是股市投资的常识如果有人经常给出您~短期趋势(股价)变化的准确预测~
2018-12-19,睌安：心态~永远是入市的第一要素独立思考与独立操作~永远是股市生存之本祝理性中长线散户投资者~夜夜有好梦~日日好心情~睌安88明见！！！
2018-12-21,历史~可证明时间~可检验市场~可验证一切~单方面的摇旗呐喊~都是在忽悠，一切谎言~都会不攻自破！！！
2018-12-22,周末~快乐！！！
2018-12-22,冬至~快乐：冬至过后~
2018-12-22,股吧~股市里的后花园股吧~股民畅聊(发表个观点)之地望你们早日改掉~不文明的交流行为，你们可以拿出正常(能站住脚的理由)来反驳
2018-12-22,送给~以
2018-12-22,历史~可证明时间~可检验市场~可验证一切~单方面的摇旗呐喊~都是在忽悠，一切谎言~都会不攻自破！！！
2018-12-22,晚间~快乐！！！

2018-12-23,
2018-12-23,邪不压正~想给
2018-12-23,决战~熊市笑斗~群丑与股吧邪恶势利~斗争到底！！！
2018-12-23,决战~熊市笑斗~群丑与股吧邪恶势利~斗争到底！！！
2018-12-23,玩转牛熊~笑傲股市：布局~熊市决战~熊市未来中国必胜~A股必牛牛市~只会迟到~不会缺席打破~阴谋论~笑看京东方！！！
2018-12-23,决战~熊市笑斗~群丑与股吧邪恶势利~斗争到底！！！
2018-12-23,防忽悠专帖警钟长鸣无需对号入座！！！
2018-12-24,防(组团)忽悠专帖警钟长鸣送给有心之人！！！
2018-12-24,在事面前~任何方式的狡辩~都是徒劳的!!!
2018-12-24,
2018-12-24,股市永远不变的真理:股市永远不变的真理~无论股市还是股吧~除了您自己~别人都是托祝理性中长线散户投资者~夜夜有好梦~日日好心情~睌安88明见！！！
2018-12-25,早安！！！
2018-12-25,股市永远不变的真理:股市永远不变的真理~无论股市还是股吧~除了您自己~别人都是托！！！
2018-12-25,理性投资~是前提稳健操作~是步骤祝理性中长线散户投资者~开心快乐~每一天！！！
2018-12-25,玩转~牛熊笑傲~股市与股吧邪恶势利~斗争到底！！！
2018-12-25,各位所谓(老师大师)的马甲们:你们继续立帖狡辩吧小品双簧~继续表演吧晚间~88明见！！！
2018-12-25,心态~永远是入市的第一要素，独立思考与独立操作~永远是股市生存之本祝理性中长线散户投资者~夜夜有好梦~日日好心情~晚安88明见！！！
2018-12-26,提倡~理性投资~稳健操作反对~非理性盲目分析预测与股吧邪恶势利~斗争到底！！！
2018-12-28,元旦快乐:以德报怨~
2019-01-09,历史~可以证明时间~可以检验市场~可以验证一切谎言~都会不攻自破马甲再多~在事实面~无理狡辩~都是徒劳的！！！

2019-01-09,BOE（京东方）全球排名跃升至第17位

2019-01-09,吹牛逼行，估计垃圾

2019-01-09,每回京东方一启动，牛市就要结束了，庄真是它妈傻子，筹码拿足，也不拉，等什么

2019-01-09,谁会拉啊，拉了就会有人解套跑了，而且那么大盘子没有100亿根本拉不起来

2019-01-09,买了你要求不高，一天涨一分涨一年就行。

2019-01-09,悄悄地落后，日积月累，成为最牛B的公司！吹牛B第一！

2019-01-09,今天又吹专利第17了

2019-01-09,我6元多套牢的京东方是否有出头日，

2019-01-09,下一辈子估计能解套！
2019-01-09,6元本已经没有啦吧
2019-01-09,斩仓盘涌出，才有机会上。
2019-01-09,三年之内

2019-01-09,南风股份 小盘 业绩也没亏多少 别的小盘股 都亏几十个亿 刚公告 马上要借壳 我

2019-01-09,京东方什么时候来个涨停吧 爆发一下吧

2019-01-09,很难啊，最少100亿的成交量

2018-12-30,千年根，你是一个“不可多得”的评股师，你表明复刷旧帖不违规，你说得对，因为都是用

2018-12-30,本帖为:“一评千年根”。
2018-12-31,年根早安？
2018-12-31,千年根，安就好。
2018-12-31,反转？
2018-12-31,出来了。
2018-12-31,
2018-12-31,苍蝇嗡嗡响。
2018-12-31,高产千年根。
2018-12-31,还在，那货，
2018-12-31,
2018-12-31,韭菜根，开年前该吐就吐出来吧！
2018-12-31,
2018-12-31,韭菜根高才，难得？！？！？？？？？？
2018-12-31,千年一遇韭菜根？！
2018-12-31,一根难求
2018-12-31,难得韭菜根
2018-12-31,滥根成災！！！！！！！！！！！！
2018-12-31,感谢千年根，日夜操劳，时该劳动！
2018-12-31,千年根已自认是:忽悠大师，谢你坦白！
2018-12-31,韭菜根怎么又问上帝啦！
2018-12-31,韭菜根，你应该不累，继续吧！
2018-12-31,韭菜根，今夜能度过吗？
2018-12-31,它这东西找骂。
2019-01-01,啊，人才？
2019-01-01,韭菜根确实很累！
2019-01-01,说实在的:韭菜根你太可怜了！
2019-01-01,韭菜根可能你认为在坚持，错了，你是在赖呆。
2019-01-01,韭菜根，你若俏有知觉，就该找一无人地方疼哭一场。
2019-01-02,早上好！
2019-01-02,韭菜根早安！

2019-01-09,你光采吗？

2019-01-04,韭菜根，你怎不评估你所谓的帖，吧中股友认可程度呢，你一日几十个“帖”得到的只有指

2019-01-04,韭菜根回家去吧！
2019-01-04,韭菜根，你的什么理性，分水岭，梦，问上帝，都己刷出来几百次了，不觉厌吗？不知耻吗？你是在评论股吗？可能连你自已都不知道，可笑又可恶！
2019-01-04,请自问为什么吧！
2019-01-04,不知臭的烂根。
2019-01-09,太监根无人味。

2019-01-09,"大趋势：大趋势一但行成[俏皮][俏皮][俏皮](无论上下)""珠海炒股人~先生""与"

2019-01-09,盘中~快乐！！！
2019-01-09,提倡~理性投资反对~非理性盲目分析预测与(股市)股吧~邪恶势利~决战到天亮！！！

2019-01-09,京东方必定破2.3元，千万别让那些唱多的忽悠了，第一散户130万，第二盘子太大，

2019-01-09,京东方大概率到2.4去啦，昨天拉高就一直在出货

2019-01-09,聪明

2018-12-24,黄国东:红包行情有多大红包？？？？？？？？？？？？？？？？？？？？？？？？在美股

2018-12-25,
2018-12-25,
2018-12-25,
2018-12-26,
2018-12-27,
2018-12-27,
2019-01-04,券商，军工
2019-01-04,
2019-01-09,

2019-01-07,"买了京东方,一辈子不用慌"

2019-01-07,傻b言论
2019-01-07,亏40
2019-01-07,买了京东方天天心里慌
2019-01-07,
2019-01-07,
2019-01-07,跌也慌，涨也慌，涨不过人家
2019-01-08,
2019-01-08,
2019-01-08,
2019-01-09,我
2019-01-09,
2019-01-09,很方
2019-01-09,就是一垃圾，跌起来痛快，尼码涨起来从来没他啥事
2019-01-09,真心不想看盘，又忍不住看盘，然后就死在里面
2019-01-09,买了京东方慌得一逼
2019-01-09,有种赶超乐视不？
2019-01-09,
2019-01-09,

2019-01-09,京东方A01月09日资金揭秘

2019-01-09,怎么这么多卖的

2019-01-09,机构大户狂吸，中小散在狂卖什么情况

2019-01-09,说反了 是大户狂卖 中小散狂吸 你说的是昨天的走势 今天反过来了 今天走势是昨天买入获利盘开始跑路了 上午就丢掉了 上午收盘前换的股 追高都盈利两个点了 行情好的时候不要盯着她 这货只适合拉回T
2019-01-09,这货 在对倒 你要小心了

2019-01-09,垃圾股，恶心！

2019-01-09,用什么样的语言才可以骂的京东方觉醒，骂的心里解气呢？

2019-01-09,大家不骂的后果就是发绿
2019-01-09,可恶
2019-01-09,不如骂自己
2019-01-09,明显没到时候啊，怎么可能给你一个v型，顶多u型

2019-01-09,股吧里一片骂声的时候就是资金入场的时候了，期待～

2019-01-09,5G板块一旦回调，京东方接过领涨大旗

2019-01-07,京东方A，长线看，有可能跌到2元的！ 你问这个问题，我想，你自己绝对也计算过了，你的算法没错的！（是非常有可能的！）……祝你投资顺利！

2019-01-08,那你可以不关注了
2019-01-09,滚
2019-01-09,不说话不会死
2019-01-09,你要被喷
2019-01-09,长线，你懂个屁！

2019-01-09,从哪来回哪去

2019-01-09,韭菜根克星只是倒霉鬼老猪海的马甲，为一口狗粮每天都和韭菜根恶里斗

2019-01-09,CCTV加油向未来！BOE柔性屏展示柔性显示魅力

2019-01-09,http://www.boe.com/news/mtsj/dynamic/pnmd1749.html
2019-01-09,http://www.boe.com/news/mtsj/dynamic/pnmd1749.html
2019-01-09,建议早走，我当初就是盯着这只亏惨了，后面转投其他股票在这只亏损的钱总算赚回来了

2019-01-09,买完后我开始方了[鄙视][鄙视][鄙视]

2019-01-09,mmb这线划的真不要脸

2019-01-09,京东方，看错你了！！！

2019-01-09,怂蛋！

2019-01-09,卖卖卖

2019-01-09,晚上绝对会有非常不好的消息

2019-01-09,耻辱啊

2019-01-09,凉凉

2019-01-09,卖卖卖，死垃圾

2019-01-09,这不是家电股，这是给家电提鞋的

2019-01-09,放量下跌，完了

2019-01-09,近期不会涨

2019-01-09,哈哈[怒]丢人

2019-01-09,[胜利] 明天又是星期四哦，就问你慌不慌？

2019-01-09,白欢喜

2019-01-09,lz看不懂，这货不是与家电有点关联吗

2019-01-09,四不像
2019-01-09,怪股
2019-01-09,跌的时候有关，涨的时候无关

2019-01-09,扫黑除恶，打击屏霸

2019-01-09,压力位2.76，这次拉起来给小散卸点年货回家过年，就是这个意思，别想太多，这个股

2019-01-09,京东方A 大盘红，小方平，啥意思？ 大家好，小方孬，鬼作怪。

2019-01-09,真真是个扶不起的阿斗

2019-01-09,什么玩意

2019-01-09,终于如愿翻绿

2019-01-09,别买了，这股没死透，明天清仓的货
